url,type
https://www.instagram.com/p/C-NVk3pNJ3_/,CAROUSEL_ALBUM
https://www.instagram.com/p/C-cp54HtEJ7/,CAROUSEL_ALBUM
https://www.instagram.com/p/C-pgY1Tt5d9/,CAROUSEL_ALBUM
https://www.instagram.com/p/C01V1Y1tzIy/,CAROUSEL_ALBUM
https://www.instagram.com/p/C0Buhw0tPPz/,CAROUSEL_ALBUM
https://www.instagram.com/p/C0GuGmkNnIP/,CAROUSEL_ALBUM
https://www.instagram.com/p/C0RiRfFtmUB/,CAROUSEL_ALBUM
https://www.instagram.com/p/C0biMmONrqJ/,CAROUSEL_ALBUM
https://www.instagram.com/p/C1HJQBLNYh2/,CAROUSEL_ALBUM
https://www.instagram.com/p/C1UWwslNfCd/,CAROUSEL_ALBUM
https://www.instagram.com/p/C1bv_uuNx1f/,CAROUSEL_ALBUM
https://www.instagram.com/p/C1g-K-kN7vg/,CAROUSEL_ALBUM
https://www.instagram.com/p/C1zJM-9tUA0/,CAROUSEL_ALBUM
https://www.instagram.com/p/C27sasjNG31/,CAROUSEL_ALBUM
https://www.instagram.com/p/C2H7AhfNwv6/,CAROUSEL_ALBUM
https://www.instagram.com/p/C2R-fQktdz5/,CAROUSEL_ALBUM
https://www.instagram.com/p/C37bIsFtarH/,CAROUSEL_ALBUM
https://www.instagram.com/p/C3FcC_1NSD2/,CAROUSEL_ALBUM
https://www.instagram.com/p/C3IF6E9NXj4/,CAROUSEL_ALBUM
https://www.instagram.com/p/C3NjNYzN7k7/,CAROUSEL_ALBUM
https://www.instagram.com/p/C3aMXyvNFPK/,CAROUSEL_ALBUM
https://www.instagram.com/p/C45MOVwtwIx/,CAROUSEL_ALBUM
https://www.instagram.com/p/C4FzQwWtaiK/,CAROUSEL_ALBUM
https://www.instagram.com/p/C4vYmIJNDk8/,CAROUSEL_ALBUM
https://www.instagram.com/p/C4x1huiNVV5/,CAROUSEL_ALBUM
https://www.instagram.com/p/C5DeaksNFyx/,CAROUSEL_ALBUM
https://www.instagram.com/p/C5X8b1tthXN/,CAROUSEL_ALBUM
https://www.instagram.com/p/C5noYWBNP6S/,CAROUSEL_ALBUM
https://www.instagram.com/p/C5qPVG9NzCd/,CAROUSEL_ALBUM
https://www.instagram.com/p/C63aWuPNNJN/,CAROUSEL_ALBUM
https://www.instagram.com/p/C68qz1ZtW9P/,CAROUSEL_ALBUM
https://www.instagram.com/p/C6BCaisNs6I/,CAROUSEL_ALBUM
https://www.instagram.com/p/C6D-5H3NPSX/,CAROUSEL_ALBUM
https://www.instagram.com/p/C6ZHuCTNAYt/,CAROUSEL_ALBUM
https://www.instagram.com/p/C6ld5BRtuPm/,CAROUSEL_ALBUM
https://www.instagram.com/p/C6tIftYtLMa/,CAROUSEL_ALBUM
https://www.instagram.com/p/C7JPQTzNWDC/,CAROUSEL_ALBUM
https://www.instagram.com/p/C7RNhRbPbkk/,CAROUSEL_ALBUM
https://www.instagram.com/p/C7WFTi4vr08/,CAROUSEL_ALBUM
https://www.instagram.com/p/C7bKE84PV3O/,CAROUSEL_ALBUM
https://www.instagram.com/p/C7eC6EpvPXO/,CAROUSEL_ALBUM
https://www.instagram.com/p/C7ldz-IPLUE/,CAROUSEL_ALBUM
https://www.instagram.com/p/C7q8Bz6P7zj/,CAROUSEL_ALBUM
https://www.instagram.com/p/C7t8betN-oA/,CAROUSEL_ALBUM
https://www.instagram.com/p/C81oyohtbaA/,CAROUSEL_ALBUM
https://www.instagram.com/p/C8EeHSrt0-k/,CAROUSEL_ALBUM
https://www.instagram.com/p/C8UOiFlNbP5/,CAROUSEL_ALBUM
https://www.instagram.com/p/C8ea-ottm0U/,CAROUSEL_ALBUM
https://www.instagram.com/p/C8oz2U9tHlp/,CAROUSEL_ALBUM
https://www.instagram.com/p/C8weg9DNt0T/,CAROUSEL_ALBUM
https://www.instagram.com/p/C8zBg4JtYRJ/,CAROUSEL_ALBUM
https://www.instagram.com/p/C94dNndN2TN/,CAROUSEL_ALBUM
https://www.instagram.com/p/C97KO6MNq0G/,CAROUSEL_ALBUM
https://www.instagram.com/p/C9Fecy0Nwgo/,CAROUSEL_ALBUM
https://www.instagram.com/p/C9es9o4t56k/,CAROUSEL_ALBUM
https://www.instagram.com/p/C9w65yLN4OZ/,CAROUSEL_ALBUM
https://www.instagram.com/p/C_FzPTNNdoF/,CAROUSEL_ALBUM
https://www.instagram.com/p/C_LFpH1tsPz/,CAROUSEL_ALBUM
https://www.instagram.com/p/C_QWovntEix/,CAROUSEL_ALBUM
https://www.instagram.com/p/C_aVa3QNsz_/,CAROUSEL_ALBUM
https://www.instagram.com/p/C_h4W91NBFA/,CAROUSEL_ALBUM
https://www.instagram.com/p/C_vM0kQtMdx/,CAROUSEL_ALBUM
https://www.instagram.com/p/Cm9ZVRxj1jO/,CAROUSEL_ALBUM
https://www.instagram.com/p/Cm_dQosr6Ng/,CAROUSEL_ALBUM
https://www.instagram.com/p/Cn64LHZjR0a/,CAROUSEL_ALBUM
https://www.instagram.com/p/CnW4U_eD67J/,CAROUSEL_ALBUM
https://www.instagram.com/p/CnhzXtUPJbk/,CAROUSEL_ALBUM
https://www.instagram.com/p/CnkQmCbvW_6/,CAROUSEL_ALBUM
https://www.instagram.com/p/Cnm1GQHuy_W/,CAROUSEL_ALBUM
https://www.instagram.com/p/CnpoBpounOY/,CAROUSEL_ALBUM
https://www.instagram.com/p/Co2JgLJD-0f/,CAROUSEL_ALBUM
https://www.instagram.com/p/CoNNcUrDK81/,CAROUSEL_ALBUM
https://www.instagram.com/p/CoXyQMgrTvm/,CAROUSEL_ALBUM
https://www.instagram.com/p/CoaVDAtL8K3/,CAROUSEL_ALBUM
https://www.instagram.com/p/CocsBe-rJl4/,CAROUSEL_ALBUM
https://www.instagram.com/p/Coe6No_LTmA/,CAROUSEL_ALBUM
https://www.instagram.com/p/CofZLourisu/,CAROUSEL_ALBUM
https://www.instagram.com/p/CoiJJ2HLGF5/,CAROUSEL_ALBUM
https://www.instagram.com/p/ComwcBPDDEr/,CAROUSEL_ALBUM
https://www.instagram.com/p/Cp4fm5hjBGs/,CAROUSEL_ALBUM
https://www.instagram.com/p/Cp9wnOQDPck/,CAROUSEL_ALBUM
https://www.instagram.com/p/CpsZIokDzD-/,CAROUSEL_ALBUM
https://www.instagram.com/p/Cq2axgQrO1g/,CAROUSEL_ALBUM
https://www.instagram.com/p/Cqi0Dlcjv_-/,CAROUSEL_ALBUM
https://www.instagram.com/p/CrNzwsut3vP/,CAROUSEL_ALBUM
https://www.instagram.com/p/CrYAV_xrBpo/,CAROUSEL_ALBUM
https://www.instagram.com/p/Cs569s8NlH-/,CAROUSEL_ALBUM
https://www.instagram.com/p/Csea623ti2B/,CAROUSEL_ALBUM
https://www.instagram.com/p/CsoIAfytuLB/,CAROUSEL_ALBUM
https://www.instagram.com/p/CsqurPuNBw7/,CAROUSEL_ALBUM
https://www.instagram.com/p/CtJV5RTtqMf/,CAROUSEL_ALBUM
https://www.instagram.com/p/CtWJ4UiN1qO/,CAROUSEL_ALBUM
https://www.instagram.com/p/Ct_TOpjtUSm/,CAROUSEL_ALBUM
https://www.instagram.com/p/CtjdCOstQRT/,CAROUSEL_ALBUM
https://www.instagram.com/p/CtrCVPDN-M2/,CAROUSEL_ALBUM
https://www.instagram.com/p/Ctv0ox9tKmp/,CAROUSEL_ALBUM
https://www.instagram.com/p/Cu35-zCt1IM/,CAROUSEL_ALBUM
https://www.instagram.com/p/Cu6xsKttA4T/,CAROUSEL_ALBUM
https://www.instagram.com/p/CuE_cNwN0J5/,CAROUSEL_ALBUM
https://www.instagram.com/p/CuHBujLtGyC/,CAROUSEL_ALBUM
https://www.instagram.com/p/CuRS9Hbtqp8/,CAROUSEL_ALBUM
https://www.instagram.com/p/CuUfgbTt_wO/,CAROUSEL_ALBUM
https://www.instagram.com/p/Cu_4XlsNkDr/,CAROUSEL_ALBUM
https://www.instagram.com/p/Cue2EfZtQmu/,CAROUSEL_ALBUM
https://www.instagram.com/p/CuuJc9BNAQT/,CAROUSEL_ALBUM
https://www.instagram.com/p/Cuw2eqatdyN/,CAROUSEL_ALBUM
https://www.instagram.com/p/Cuy6AZ1NYOE/,CAROUSEL_ALBUM
https://www.instagram.com/p/Cv4jFvWNN3X/,CAROUSEL_ALBUM
https://www.instagram.com/p/Cv7FEH1NRXr/,CAROUSEL_ALBUM
https://www.instagram.com/p/Cv9zHghtTOk/,CAROUSEL_ALBUM
https://www.instagram.com/p/CvXJhcUt9Es/,CAROUSEL_ALBUM
https://www.instagram.com/p/CvfT_NpNm6Z/,CAROUSEL_ALBUM
https://www.instagram.com/p/Cvjv-GUNzk2/,CAROUSEL_ALBUM
https://www.instagram.com/p/CvoyVqXNDC7/,CAROUSEL_ALBUM
https://www.instagram.com/p/CvrZIZWNZeV/,CAROUSEL_ALBUM
https://www.instagram.com/p/CvwvDgjtFUi/,CAROUSEL_ALBUM
https://www.instagram.com/p/CwKeqQYNVSP/,CAROUSEL_ALBUM
https://www.instagram.com/p/CwNdKbtNtn7/,CAROUSEL_ALBUM
https://www.instagram.com/p/CwVY61xtlU8/,CAROUSEL_ALBUM
https://www.instagram.com/p/CwlCn3utMkD/,CAROUSEL_ALBUM
https://www.instagram.com/p/CwppEguNG3z/,CAROUSEL_ALBUM
https://www.instagram.com/p/Cwzcu_fNewv/,CAROUSEL_ALBUM
https://www.instagram.com/p/CxxzxLWNuiW/,CAROUSEL_ALBUM
https://www.instagram.com/p/Cy0S76XtEfB/,CAROUSEL_ALBUM
https://www.instagram.com/p/CyN7i0CtXgT/,CAROUSEL_ALBUM
https://www.instagram.com/p/CySkP8jvXAI/,CAROUSEL_ALBUM
https://www.instagram.com/p/CyVKZnQvF_v/,CAROUSEL_ALBUM
https://www.instagram.com/p/CyXythNPTxR/,CAROUSEL_ALBUM
https://www.instagram.com/p/CyiZ4oVPi5_/,CAROUSEL_ALBUM
https://www.instagram.com/p/CynDdKlvVSp/,CAROUSEL_ALBUM
https://www.instagram.com/p/DA-vtdoNLD2/,CAROUSEL_ALBUM
https://www.instagram.com/p/DANvqKPNHIu/,CAROUSEL_ALBUM
https://www.instagram.com/p/DAYQrVBNAqi/,CAROUSEL_ALBUM
https://www.instagram.com/p/DAqCmD7N2jl/,CAROUSEL_ALBUM
https://www.instagram.com/p/DB5440CNQRR/,CAROUSEL_ALBUM
https://www.instagram.com/p/DBlNuYsNror/,CAROUSEL_ALBUM
https://www.instagram.com/p/DC4AYl6tM_n/,CAROUSEL_ALBUM
https://www.instagram.com/p/DDCLiPBtkCS/,CAROUSEL_ALBUM
https://www.instagram.com/p/DDMZJHwNv2Y/,CAROUSEL_ALBUM
https://www.instagram.com/p/DDPBfe-te5c/,CAROUSEL_ALBUM
https://www.instagram.com/p/DDb4uG5NgPB/,CAROUSEL_ALBUM
https://www.instagram.com/p/DE986_4NPDe/,CAROUSEL_ALBUM
https://www.instagram.com/p/DECkYFqN8tC/,CAROUSEL_ALBUM
https://www.instagram.com/p/DEw5NZyNvOX/,CAROUSEL_ALBUM
https://www.instagram.com/p/DF-kSYvtrjz/,CAROUSEL_ALBUM
https://www.instagram.com/p/DF5K99QNim4/,CAROUSEL_ALBUM
https://www.instagram.com/p/DFDGFoAtvfx/,CAROUSEL_ALBUM
https://www.instagram.com/p/DFScPtFtfy5/,CAROUSEL_ALBUM
https://www.instagram.com/p/DFafpWgNphT/,CAROUSEL_ALBUM
https://www.instagram.com/p/DFsWmMZNRR1/,CAROUSEL_ALBUM
https://www.instagram.com/p/DFz1bzxNwqE/,CAROUSEL_ALBUM
https://www.instagram.com/p/DG0WJFONigo/,CAROUSEL_ALBUM
https://www.instagram.com/p/DGBXMgqNqfs/,CAROUSEL_ALBUM
https://www.instagram.com/p/DGGGht0tkgd/,CAROUSEL_ALBUM
https://www.instagram.com/p/DGIsxQntACN/,CAROUSEL_ALBUM
https://www.instagram.com/p/DGaWvYQNDdw/,CAROUSEL_ALBUM
https://www.instagram.com/p/DGk8TURtHuf/,CAROUSEL_ALBUM
https://www.instagram.com/p/DGyMrSdNlvY/,CAROUSEL_ALBUM
https://www.instagram.com/p/DHEEI-0tXzM/,CAROUSEL_ALBUM
https://www.instagram.com/p/DHOQ1rAtSTr/,CAROUSEL_ALBUM
https://www.instagram.com/p/DHWVyLoOL3x/,CAROUSEL_ALBUM
https://www.instagram.com/p/B-7JNxCoDm2/,IMAGE
https://www.instagram.com/p/B-AOdSMoug4/,IMAGE
https://www.instagram.com/p/B-J7PZci2Ga/,IMAGE
https://www.instagram.com/p/B-WtvO6CcDh/,IMAGE
https://www.instagram.com/p/B-mBuF0IXuI/,IMAGE
https://www.instagram.com/p/B0-wR5xiKlZ/,IMAGE
https://www.instagram.com/p/B03vq5LoTQg/,IMAGE
https://www.instagram.com/p/B06RTAoiiPE/,IMAGE
https://www.instagram.com/p/B0BMt4MCw7b/,IMAGE
https://www.instagram.com/p/B0ODhOuC6Pq/,IMAGE
https://www.instagram.com/p/B0SuJTPCrAi/,IMAGE
https://www.instagram.com/p/B0oTbGdifUc/,IMAGE
https://www.instagram.com/p/B0qWk5-o_IQ/,IMAGE
https://www.instagram.com/p/B0x486TiQfa/,IMAGE
https://www.instagram.com/p/B1BTcIdCvHI/,IMAGE
https://www.instagram.com/p/B1I9Z_oCgJC/,IMAGE
https://www.instagram.com/p/B1MazV5IFK-/,IMAGE
https://www.instagram.com/p/B1WUXV-oEKi/,IMAGE
https://www.instagram.com/p/B1bDNTvo4d4/,IMAGE
https://www.instagram.com/p/B1gaK2OoAwy/,IMAGE
https://www.instagram.com/p/B1yT2INCuSd/,IMAGE
https://www.instagram.com/p/B284slrIesd/,IMAGE
https://www.instagram.com/p/B2B3EOYI_z9/,IMAGE
https://www.instagram.com/p/B2HBNAVISIf/,IMAGE
https://www.instagram.com/p/B2R6cM7Ihw9/,IMAGE
https://www.instagram.com/p/B2jszMgiB1G/,IMAGE
https://www.instagram.com/p/B2raxcWolBW/,IMAGE
https://www.instagram.com/p/B2y3bC8ISQT/,IMAGE
https://www.instagram.com/p/B3EpziZisaY/,IMAGE
https://www.instagram.com/p/B3_6LFhII5G/,IMAGE
https://www.instagram.com/p/B3e667AoIWx/,IMAGE
https://www.instagram.com/p/B3tyHmCoN7S/,IMAGE
https://www.instagram.com/p/B3zRs5uI97I/,IMAGE
https://www.instagram.com/p/B4HrEz-oX8A/,IMAGE
https://www.instagram.com/p/B4KQy_TI5jo/,IMAGE
https://www.instagram.com/p/B4U1SidoW-r/,IMAGE
https://www.instagram.com/p/B4pIx6RIwqW/,IMAGE
https://www.instagram.com/p/B4rvFEZINFs/,IMAGE
https://www.instagram.com/p/B4xADbFo0xQ/,IMAGE
https://www.instagram.com/p/B5-o_dHoVn0/,IMAGE
https://www.instagram.com/p/B50dixVIpK3/,IMAGE
https://www.instagram.com/p/B5DKp5IIN-Y/,IMAGE
https://www.instagram.com/p/B5Sx4vlIYLM/,IMAGE
https://www.instagram.com/p/B5XzDL1IbIN/,IMAGE
https://www.instagram.com/p/B5iFA5RIekr/,IMAGE
https://www.instagram.com/p/B5r8jO8ogut/,IMAGE
https://www.instagram.com/p/B6750voIA1I/,IMAGE
https://www.instagram.com/p/B6DX0lFCwOe/,IMAGE
https://www.instagram.com/p/B6IkEO6otLM/,IMAGE
https://www.instagram.com/p/B6K4qZxoybD/,IMAGE
https://www.instagram.com/p/B6NxN7CiSej/,IMAGE
https://www.instagram.com/p/B6QV9-ZioeD/,IMAGE
https://www.instagram.com/p/B6icGDkIxL8/,IMAGE
https://www.instagram.com/p/B6qBcyhoegw/,IMAGE
https://www.instagram.com/p/B6wU6vzIuEH/,IMAGE
https://www.instagram.com/p/B73hBZDIHh8/,IMAGE
https://www.instagram.com/p/B7Een3qI0OT/,IMAGE
https://www.instagram.com/p/B7Is659oPb7/,IMAGE
https://www.instagram.com/p/B7VpqEUoTtL/,IMAGE
https://www.instagram.com/p/B7a2UAKI0KH/,IMAGE
https://www.instagram.com/p/B7ghokcI-fn/,IMAGE
https://www.instagram.com/p/B7nzBBOI8FW/,IMAGE
https://www.instagram.com/p/B7s289Oo-wK/,IMAGE
https://www.instagram.com/p/B7yC1rXog9g/,IMAGE
https://www.instagram.com/p/B8EC5e7oXC6/,IMAGE
https://www.instagram.com/p/B8bkrp_oGlf/,IMAGE
https://www.instagram.com/p/B8jMTyaofox/,IMAGE
https://www.instagram.com/p/B8qr-h9INST/,IMAGE
https://www.instagram.com/p/B8yQ1hAIQJg/,IMAGE
https://www.instagram.com/p/B91ss7vIBSQ/,IMAGE
https://www.instagram.com/p/B935GrVItXT/,IMAGE
https://www.instagram.com/p/B9EbDJxI8se/,IMAGE
https://www.instagram.com/p/B9MKX5Oo1gU/,IMAGE
https://www.instagram.com/p/B9ZN-N3iQuD/,IMAGE
https://www.instagram.com/p/B9eaugZpQPI/,IMAGE
https://www.instagram.com/p/B9jzRx4IySf/,IMAGE
https://www.instagram.com/p/B9q5TVUo4Oz/,IMAGE
https://www.instagram.com/p/B9wVAB2IEjx/,IMAGE
https://www.instagram.com/p/BJP4cIdjtaj/,IMAGE
https://www.instagram.com/p/BJVAYoTD9va/,IMAGE
https://www.instagram.com/p/BJuqgvVjHc6/,IMAGE
https://www.instagram.com/p/BKIl7V4jaRX/,IMAGE
https://www.instagram.com/p/BKdN0rIDQtB/,IMAGE
https://www.instagram.com/p/BKn0QqOjt_c/,IMAGE
https://www.instagram.com/p/BKspf_gDUme/,IMAGE
https://www.instagram.com/p/BKyFHe3DT2I/,IMAGE
https://www.instagram.com/p/BL52WAujnaP/,IMAGE
https://www.instagram.com/p/BLBOoABDKiO/,IMAGE
https://www.instagram.com/p/BLLfgpLDVTr/,IMAGE
https://www.instagram.com/p/BLa2QTpDGqW/,IMAGE
https://www.instagram.com/p/BLf_i7gjUip/,IMAGE
https://www.instagram.com/p/BLnoxTQjD2x/,IMAGE
https://www.instagram.com/p/BLx9MWHjud7/,IMAGE
https://www.instagram.com/p/BM845JADjrA/,IMAGE
https://www.instagram.com/p/BMBiffdjg5v/,IMAGE
https://www.instagram.com/p/BM_lSdrjcDD/,IMAGE
https://www.instagram.com/p/BMd90dNDZG1/,IMAGE
https://www.instagram.com/p/BN1ZznzDI55/,IMAGE
https://www.instagram.com/p/BNMPmIiDTkx/,IMAGE
https://www.instagram.com/p/BN_tuH4jRPK/,IMAGE
https://www.instagram.com/p/BNeQJK0DyDA/,IMAGE
https://www.instagram.com/p/BNoiylHjLlw/,IMAGE
https://www.instagram.com/p/BO4ZXygjVW6/,IMAGE
https://www.instagram.com/p/BO9iUUzDBMS/,IMAGE
https://www.instagram.com/p/BOMj1YsDMu7/,IMAGE
https://www.instagram.com/p/BOU0HGij9e5/,IMAGE
https://www.instagram.com/p/BOeth13DEmo/,IMAGE
https://www.instagram.com/p/BOmY45aDhby/,IMAGE
https://www.instagram.com/p/BOrtbgaDqSV/,IMAGE
https://www.instagram.com/p/BOuMIHXDZsy/,IMAGE
https://www.instagram.com/p/BP7l_juDg_p/,IMAGE
https://www.instagram.com/p/BP95xO6DOmr/,IMAGE
https://www.instagram.com/p/BPkXKKojQV8/,IMAGE
https://www.instagram.com/p/BPmzlVdj0aG/,IMAGE
https://www.instagram.com/p/BPud1kFDk9C/,IMAGE
https://www.instagram.com/p/BQ-iVNDgoBk/,IMAGE
https://www.instagram.com/p/BQLEFsDjoJS/,IMAGE
https://www.instagram.com/p/BQSt9s4hGX8/,IMAGE
https://www.instagram.com/p/BQsvT_kg7Ap/,IMAGE
https://www.instagram.com/p/BR-zhAJgRGu/,IMAGE
https://www.instagram.com/p/BR231mogz1Z/,IMAGE
https://www.instagram.com/p/BRF6GqCgUEW/,IMAGE
https://www.instagram.com/p/BROIqQqAbfQ/,IMAGE
https://www.instagram.com/p/BRVeUnQA_ml/,IMAGE
https://www.instagram.com/p/BRYGB_YAsWX/,IMAGE
https://www.instagram.com/p/BRiT7PtARWx/,IMAGE
https://www.instagram.com/p/BRlPlElA8Lq/,IMAGE
https://www.instagram.com/p/BRsqSEnA80q/,IMAGE
https://www.instagram.com/p/BRxyTKmgMhd/,IMAGE
https://www.instagram.com/p/BS87qEOAYKw/,IMAGE
https://www.instagram.com/p/BSGgBK2A3zV/,IMAGE
https://www.instagram.com/p/BSTL-cCgezx/,IMAGE
https://www.instagram.com/p/BSa103EASJE/,IMAGE
https://www.instagram.com/p/BSf_c1dA2v0/,IMAGE
https://www.instagram.com/p/BSi9eDaAN-o/,IMAGE
https://www.instagram.com/p/BSs7u2xg1B-/,IMAGE
https://www.instagram.com/p/BT04f9zAtDM/,IMAGE
https://www.instagram.com/p/BT6I7L0AYNF/,IMAGE
https://www.instagram.com/p/BTBqod8g-sK/,IMAGE
https://www.instagram.com/p/BTEa-IfAHcz/,IMAGE
https://www.instagram.com/p/BTJfSBnAW0g/,IMAGE
https://www.instagram.com/p/BTRAS7vg24C/,IMAGE
https://www.instagram.com/p/BTYwuGMgWjE/,IMAGE
https://www.instagram.com/p/BTb1feugbva/,IMAGE
https://www.instagram.com/p/BTgkBvpgqc-/,IMAGE
https://www.instagram.com/p/BTjFN92gulv/,IMAGE
https://www.instagram.com/p/BTq4YMWgd8H/,IMAGE
https://www.instagram.com/p/BTwGlHjAf5Y/,IMAGE
https://www.instagram.com/p/BU2Xu77AJD7/,IMAGE
https://www.instagram.com/p/BU4lvlXgoAw/,IMAGE
https://www.instagram.com/p/BU9L_cyAcja/,IMAGE
https://www.instagram.com/p/BUCAEhhgBJ3/,IMAGE
https://www.instagram.com/p/BUEcnKIAC30/,IMAGE
https://www.instagram.com/p/BUHYa67gHBf/,IMAGE
https://www.instagram.com/p/BUJzj3JAfnz/,IMAGE
https://www.instagram.com/p/BUReshigI-S/,IMAGE
https://www.instagram.com/p/BUW_Mdcgn2t/,IMAGE
https://www.instagram.com/p/BUeXGj9g5Tt/,IMAGE
https://www.instagram.com/p/BUjhAgcALJf/,IMAGE
https://www.instagram.com/p/BUwd7fHAGwy/,IMAGE
https://www.instagram.com/p/BUy-I4XgSl9/,IMAGE
https://www.instagram.com/p/BV-gtT5Ap9D/,IMAGE
https://www.instagram.com/p/BV1xV7XA-Iw/,IMAGE
https://www.instagram.com/p/BV9hSsrAcJh/,IMAGE
https://www.instagram.com/p/BVHpk6xAjos/,IMAGE
https://www.instagram.com/p/BVM-vaSAhx8/,IMAGE
https://www.instagram.com/p/BVZmcUZAzQY/,IMAGE
https://www.instagram.com/p/BVjw4e-AODN/,IMAGE
https://www.instagram.com/p/BVm6tQSATLD/,IMAGE
https://www.instagram.com/p/BVwsohjgc30/,IMAGE
https://www.instagram.com/p/BW5YPNzA2gR/,IMAGE
https://www.instagram.com/p/BWC1YLbgkxX/,IMAGE
https://www.instagram.com/p/BWNCDTzgbzv/,IMAGE
https://www.instagram.com/p/BWUztniAzRd/,IMAGE
https://www.instagram.com/p/BWXPHI-geGy/,IMAGE
https://www.instagram.com/p/BWpig75A0cG/,IMAGE
https://www.instagram.com/p/BWqYBkjAlWF/,IMAGE
https://www.instagram.com/p/BWxu8KlA5WA/,IMAGE
https://www.instagram.com/p/BX0TBYnA8xX/,IMAGE
https://www.instagram.com/p/BXDHgWeA1d9/,IMAGE
https://www.instagram.com/p/BXIRjwbApl3/,IMAGE
https://www.instagram.com/p/BXaOtrIgTlo/,IMAGE
https://www.instagram.com/p/BXfkdZ1gdhz/,IMAGE
https://www.instagram.com/p/BXsW1HkACSv/,IMAGE
https://www.instagram.com/p/BY5ruQpgfUa/,IMAGE
https://www.instagram.com/p/BYGC2hQgeO9/,IMAGE
https://www.instagram.com/p/BYNuVoZgIFw/,IMAGE
https://www.instagram.com/p/BYnZheGAK9E/,IMAGE
https://www.instagram.com/p/BYvV3qwgvbs/,IMAGE
https://www.instagram.com/p/BZQ6KnBAjD4/,IMAGE
https://www.instagram.com/p/BZirlsFgXLi/,IMAGE
https://www.instagram.com/p/BZs1vImgqH0/,IMAGE
https://www.instagram.com/p/BZybnO3Awnh/,IMAGE
https://www.instagram.com/p/B_46JgpIVTM/,IMAGE
https://www.instagram.com/p/B_9p8GJoaEr/,IMAGE
https://www.instagram.com/p/B_IFIwsILhh/,IMAGE
https://www.instagram.com/p/B_UXW_vIr8E/,IMAGE
https://www.instagram.com/p/B_aNLnyo0GV/,IMAGE
https://www.instagram.com/p/B_ud1Y7oHxp/,IMAGE
https://www.instagram.com/p/Ba1JJpIgH8G/,IMAGE
https://www.instagram.com/p/BaCRxOPAYkR/,IMAGE
https://www.instagram.com/p/BaE0qZiggIO/,IMAGE
https://www.instagram.com/p/BaGvsjfgqlU/,IMAGE
https://www.instagram.com/p/BaJ6bjSA-Yk/,IMAGE
https://www.instagram.com/p/BaMTGZRA4Im/,IMAGE
https://www.instagram.com/p/BaW6BKoAlW9/,IMAGE
https://www.instagram.com/p/BaeBUNegu-8/,IMAGE
https://www.instagram.com/p/BajUQuTg0sS/,IMAGE
https://www.instagram.com/p/Baq4t9Yg4jp/,IMAGE
https://www.instagram.com/p/Bb1oqx5gGzK/,IMAGE
https://www.instagram.com/p/Bb4Oqmrgjig/,IMAGE
https://www.instagram.com/p/BbHVcmDASXf/,IMAGE
https://www.instagram.com/p/BbJ7b1gghka/,IMAGE
https://www.instagram.com/p/BbRr4SwgUKd/,IMAGE
https://www.instagram.com/p/BbW7_S3ARlS/,IMAGE
https://www.instagram.com/p/BbbrmavArgS/,IMAGE
https://www.instagram.com/p/BbmLCDZAL-X/,IMAGE
https://www.instagram.com/p/Bbox8yqg5BP/,IMAGE
https://www.instagram.com/p/BbuHMjeAAfT/,IMAGE
https://www.instagram.com/p/Bc4wLOzgrw2/,IMAGE
https://www.instagram.com/p/Bc95SwcAIhX/,IMAGE
https://www.instagram.com/p/BcAB8j1gix1/,IMAGE
https://www.instagram.com/p/BcHnZWSA37Z/,IMAGE
https://www.instagram.com/p/BcM1_H5gh57/,IMAGE
https://www.instagram.com/p/BcP0bJ2A6ZN/,IMAGE
https://www.instagram.com/p/BcSUZ3Wgskf/,IMAGE
https://www.instagram.com/p/BcfK52BAYbm/,IMAGE
https://www.instagram.com/p/Bcj5QPegDBl/,IMAGE
https://www.instagram.com/p/Bcrr1-wASGk/,IMAGE
https://www.instagram.com/p/Bcw0hJtAELg/,IMAGE
https://www.instagram.com/p/Bd7pnFYALzE/,IMAGE
https://www.instagram.com/p/BdDBiXLAgvZ/,IMAGE
https://www.instagram.com/p/BdKfykIAOAV/,IMAGE
https://www.instagram.com/p/BdNTaCegBv7/,IMAGE
https://www.instagram.com/p/BdiKP21gE7n/,IMAGE
https://www.instagram.com/p/Bdu4FlNgMT6/,IMAGE
https://www.instagram.com/p/Be8EG6FA9-2/,IMAGE
https://www.instagram.com/p/BeAnqtrgS2k/,IMAGE
https://www.instagram.com/p/BeGpR71gluS/,IMAGE
https://www.instagram.com/p/BeNoytCgUZg/,IMAGE
https://www.instagram.com/p/BeSyZaggD-z/,IMAGE
https://www.instagram.com/p/BeVZwB1AhXb/,IMAGE
https://www.instagram.com/p/Beag660g-XG/,IMAGE
https://www.instagram.com/p/BefmBU1gZUQ/,IMAGE
https://www.instagram.com/p/Bf0mGw-Ayl2/,IMAGE
https://www.instagram.com/p/BfIxa26AOqY/,IMAGE
https://www.instagram.com/p/BfTOa3hAS7K/,IMAGE
https://www.instagram.com/p/BfbBMongXIK/,IMAGE
https://www.instagram.com/p/BfgL32dgKyM/,IMAGE
https://www.instagram.com/p/Bfn_o33AAC1/,IMAGE
https://www.instagram.com/p/Bfx2Jobg4aN/,IMAGE
https://www.instagram.com/p/Bg6O3ezAKCW/,IMAGE
https://www.instagram.com/p/BgBXkoYgF5H/,IMAGE
https://www.instagram.com/p/BgOKOqCAgCe/,IMAGE
https://www.instagram.com/p/BgbKCVPACwA/,IMAGE
https://www.instagram.com/p/BggL9_fgSbg/,IMAGE
https://www.instagram.com/p/Bgn2NSyABa0/,IMAGE
https://www.instagram.com/p/BgtJy_kgS_c/,IMAGE
https://www.instagram.com/p/BgyKzLfgj4R/,IMAGE
https://www.instagram.com/p/Bh1TNz8gizF/,IMAGE
https://www.instagram.com/p/BhBgbUBAfFg/,IMAGE
https://www.instagram.com/p/BhJRgt-APSK/,IMAGE
https://www.instagram.com/p/BhOj-cKgN8Y/,IMAGE
https://www.instagram.com/p/BhRM-5DATaP/,IMAGE
https://www.instagram.com/p/Bh_q-gpgkG9/,IMAGE
https://www.instagram.com/p/BheHDceAmyq/,IMAGE
https://www.instagram.com/p/BhgwDgGgVYr/,IMAGE
https://www.instagram.com/p/Bhlrf3kAbI_/,IMAGE
https://www.instagram.com/p/Bhq9KD6gSol/,IMAGE
https://www.instagram.com/p/Bi4QpDyAMka/,IMAGE
https://www.instagram.com/p/Bi9Ic0tAZjb/,IMAGE
https://www.instagram.com/p/BiCO__ZgcWA/,IMAGE
https://www.instagram.com/p/BiHQJMsAbtq/,IMAGE
https://www.instagram.com/p/BiOmh4tASZW/,IMAGE
https://www.instagram.com/p/Bicj8mFg4hT/,IMAGE
https://www.instagram.com/p/BijtUaogUqf/,IMAGE
https://www.instagram.com/p/Bj-SSXXga82/,IMAGE
https://www.instagram.com/p/Bj4foVEAerM/,IMAGE
https://www.instagram.com/p/BjHxWZ_gmLR/,IMAGE
https://www.instagram.com/p/BjMmyeyAkjU/,IMAGE
https://www.instagram.com/p/BjQEs8Qg165/,IMAGE
https://www.instagram.com/p/BjSScDVgemf/,IMAGE
https://www.instagram.com/p/BjXRQBRgpge/,IMAGE
https://www.instagram.com/p/BjpMD3Ng2MQ/,IMAGE
https://www.instagram.com/p/BjuS6kaAtoT/,IMAGE
https://www.instagram.com/p/BjwwFL3nmkX/,IMAGE
https://www.instagram.com/p/Bk71k_pAh24/,IMAGE
https://www.instagram.com/p/BkDDQA2gVTW/,IMAGE
https://www.instagram.com/p/BkTU_PwAVhV/,IMAGE
https://www.instagram.com/p/BkVP45uAcsL/,IMAGE
https://www.instagram.com/p/BkXPCwxAK28/,IMAGE
https://www.instagram.com/p/Bkc17qlgZuF/,IMAGE
https://www.instagram.com/p/BkfU1LOAdRd/,IMAGE
https://www.instagram.com/p/BkqQu9OgGQ2/,IMAGE
https://www.instagram.com/p/Bl-OEcNATXv/,IMAGE
https://www.instagram.com/p/Bl0LGOYAT2C/,IMAGE
https://www.instagram.com/p/Bl2DsJfAcXx/,IMAGE
https://www.instagram.com/p/BlI7cQFAkHj/,IMAGE
https://www.instagram.com/p/BlLBfhmgU8f/,IMAGE
https://www.instagram.com/p/BlON9BCgNpm/,IMAGE
https://www.instagram.com/p/BlQN1EogiyQ/,IMAGE
https://www.instagram.com/p/BlVNuFdgTt_/,IMAGE
https://www.instagram.com/p/BlX6XHZgz59/,IMAGE
https://www.instagram.com/p/BldKDiyASML/,IMAGE
https://www.instagram.com/p/BliuywDgmEo/,IMAGE
https://www.instagram.com/p/BlpoQUJA7DJ/,IMAGE
https://www.instagram.com/p/BlyLiWOgnan/,IMAGE
https://www.instagram.com/p/Bm0dt88AWc-/,IMAGE
https://www.instagram.com/p/Bm5r_PJAS-I/,IMAGE
https://www.instagram.com/p/BmAzjuSAt3u/,IMAGE
https://www.instagram.com/p/BmGCj0pgs1C/,IMAGE
https://www.instagram.com/p/BmS1739ABwA/,IMAGE
https://www.instagram.com/p/BmaxtekgWtb/,IMAGE
https://www.instagram.com/p/BmfvpLngsY-/,IMAGE
https://www.instagram.com/p/Bmk4WPWA9Fv/,IMAGE
https://www.instagram.com/p/BmqYdjlAOqy/,IMAGE
https://www.instagram.com/p/Bmvbwusgwz5/,IMAGE
https://www.instagram.com/p/Bn3tvfaCIUW/,IMAGE
https://www.instagram.com/p/Bn8tJmRii1N/,IMAGE
https://www.instagram.com/p/BnBiG9gA77X/,IMAGE
https://www.instagram.com/p/BnMSsCughzX/,IMAGE
https://www.instagram.com/p/BnOjO-0Aws4/,IMAGE
https://www.instagram.com/p/BnRHFLcgMOq/,IMAGE
https://www.instagram.com/p/BnbCZBPAwUs/,IMAGE
https://www.instagram.com/p/Bo9iYz5i1As/,IMAGE
https://www.instagram.com/p/BoEzm9eCg7b/,IMAGE
https://www.instagram.com/p/BoO4KmfCpKK/,IMAGE
https://www.instagram.com/p/BohPrLhCXoM/,IMAGE
https://www.instagram.com/p/Bp6-yTpn4Sv/,IMAGE
https://www.instagram.com/p/Bq43eRDHsKt/,IMAGE
https://www.instagram.com/p/BqCtWi_n-Ej/,IMAGE
https://www.instagram.com/p/BqXDMaiHMLc/,IMAGE
https://www.instagram.com/p/Bqr8cJFnjjQ/,IMAGE
https://www.instagram.com/p/Bqxj93mH_oc/,IMAGE
https://www.instagram.com/p/Br5TZvsHCE4/,IMAGE
https://www.instagram.com/p/BrIxHy0na6s/,IMAGE
https://www.instagram.com/p/BrNONl3HGTL/,IMAGE
https://www.instagram.com/p/BrXe9RoH4-D/,IMAGE
https://www.instagram.com/p/BrsTHRXHmp6/,IMAGE
https://www.instagram.com/p/BrxRjfzHUSy/,IMAGE
https://www.instagram.com/p/Bs-l3-uHsMd/,IMAGE
https://www.instagram.com/p/Bs0TZfmnDLs/,IMAGE
https://www.instagram.com/p/Bs3D2Nxnlxc/,IMAGE
https://www.instagram.com/p/BsA5iqWnM4u/,IMAGE
https://www.instagram.com/p/BsIxSBhHRkV/,IMAGE
https://www.instagram.com/p/BsVat7eHdUC/,IMAGE
https://www.instagram.com/p/BsabBL0HE3q/,IMAGE
https://www.instagram.com/p/BsfvgwInBgI/,IMAGE
https://www.instagram.com/p/BsiIqEqnwzj/,IMAGE
https://www.instagram.com/p/Bsp5VrqHL5d/,IMAGE
https://www.instagram.com/p/BstRskhHu0F/,IMAGE
https://www.instagram.com/p/BtGdQ71n8bw/,IMAGE
https://www.instagram.com/p/BtODUzTACHF/,IMAGE
https://www.instagram.com/p/Bta3MIKA5d1/,IMAGE
https://www.instagram.com/p/BtgtNTJAuFh/,IMAGE
https://www.instagram.com/p/BtnyuH-gZf4/,IMAGE
https://www.instagram.com/p/Bu3nBkcAzun/,IMAGE
https://www.instagram.com/p/Bu84wn3grwc/,IMAGE
https://www.instagram.com/p/BuEAXkogxFM/,IMAGE
https://www.instagram.com/p/BuOXDPWAZaY/,IMAGE
https://www.instagram.com/p/BuTemKZAUBX/,IMAGE
https://www.instagram.com/p/Bud_joIAWGw/,IMAGE
https://www.instagram.com/p/Bui_qJ2Aty9/,IMAGE
https://www.instagram.com/p/BuwJ8HOA0iE/,IMAGE
https://www.instagram.com/p/Bv1Tu-SnpeM/,IMAGE
https://www.instagram.com/p/Bv4RvaInrvW/,IMAGE
https://www.instagram.com/p/BvJ5AEQAeIm/,IMAGE
https://www.instagram.com/p/BvT10HvgZ20/,IMAGE
https://www.instagram.com/p/BveW7WJAFhJ/,IMAGE
https://www.instagram.com/p/BvjsFdbnJaL/,IMAGE
https://www.instagram.com/p/Bvq8Cz2AOGc/,IMAGE
https://www.instagram.com/p/BvwRw1SgwwU/,IMAGE
https://www.instagram.com/p/Bvy6EMTn3CY/,IMAGE
https://www.instagram.com/p/BwCF0faAnhf/,IMAGE
https://www.instagram.com/p/BwKPwTWg4R_/,IMAGE
https://www.instagram.com/p/BwUSO6YgL5_/,IMAGE
https://www.instagram.com/p/Bwbvoq-gC6d/,IMAGE
https://www.instagram.com/p/Bwg9a5QgSdV/,IMAGE
https://www.instagram.com/p/Bx-UPREiO--/,IMAGE
https://www.instagram.com/p/Bx7mdxKCiw3/,IMAGE
https://www.instagram.com/p/BxH2a0zA2UC/,IMAGE
https://www.instagram.com/p/BxPkqnsAAgN/,IMAGE
https://www.instagram.com/p/Bxo9yoqisTb/,IMAGE
https://www.instagram.com/p/BxxXb7bi6sf/,IMAGE
https://www.instagram.com/p/BxzdOPpCucC/,IMAGE
https://www.instagram.com/p/By9ql8Si2Tm/,IMAGE
https://www.instagram.com/p/ByDFpvjiFQW/,IMAGE
https://www.instagram.com/p/ByLLpC2CpBC/,IMAGE
https://www.instagram.com/p/ByP7HDsCVrB/,IMAGE
https://www.instagram.com/p/ByXVIOgCpVu/,IMAGE
https://www.instagram.com/p/ByfYJY7Cfgk/,IMAGE
https://www.instagram.com/p/BykdSUkCXFo/,IMAGE
https://www.instagram.com/p/ByugqYzijwd/,IMAGE
https://www.instagram.com/p/BzDD-9KCfhE/,IMAGE
https://www.instagram.com/p/BzL4_5ZI-wL/,IMAGE
https://www.instagram.com/p/BzTpeGpId2r/,IMAGE
https://www.instagram.com/p/C0T6XTttejm/,IMAGE
https://www.instagram.com/p/C0tyYZvNJ8s/,IMAGE
https://www.instagram.com/p/C4XnsKRN8Vt/,IMAGE
https://www.instagram.com/p/C4aS-wVt-Sk/,IMAGE
https://www.instagram.com/p/C4iFsARNJXx/,IMAGE
https://www.instagram.com/p/C8MgR5_Nu-k/,IMAGE
https://www.instagram.com/p/C8WuXqZtq_3/,IMAGE
https://www.instagram.com/p/C9XLB9HN45-/,IMAGE
https://www.instagram.com/p/C9mnGurNZXO/,IMAGE
https://www.instagram.com/p/CAfdJpgIPgZ/,IMAGE
https://www.instagram.com/p/CAnuPhOoo19/,IMAGE
https://www.instagram.com/p/CApY0AAo1s4/,IMAGE
https://www.instagram.com/p/CAuuSnEiFxJ/,IMAGE
https://www.instagram.com/p/CAxhskNiPyg/,IMAGE
https://www.instagram.com/p/CB5UvLriMGb/,IMAGE
https://www.instagram.com/p/CBAwUKVCO4f/,IMAGE
https://www.instagram.com/p/CBQE_8biP6b/,IMAGE
https://www.instagram.com/p/CBSlfn8idUS/,IMAGE
https://www.instagram.com/p/CBX_xtLiPPS/,IMAGE
https://www.instagram.com/p/CBdXakwifIf/,IMAGE
https://www.instagram.com/p/CBqSHERiJz9/,IMAGE
https://www.instagram.com/p/CBs6V5Pin8v/,IMAGE
https://www.instagram.com/p/CBvPwhVCAyK/,IMAGE
https://www.instagram.com/p/CC-ycKXCNn3/,IMAGE
https://www.instagram.com/p/CC3EilhiDq1/,IMAGE
https://www.instagram.com/p/CCGhK0to2hg/,IMAGE
https://www.instagram.com/p/CCOSHZAi2ww/,IMAGE
https://www.instagram.com/p/CCWPFDEi-RK/,IMAGE
https://www.instagram.com/p/CCllA_3ioRN/,IMAGE
https://www.instagram.com/p/CCq0MsyCRVC/,IMAGE
https://www.instagram.com/p/CCtFfeJiPIU/,IMAGE
https://www.instagram.com/p/CCyLT1EiHym/,IMAGE
https://www.instagram.com/p/CD3cC01ix0r/,IMAGE
https://www.instagram.com/p/CD8taKdCaQx/,IMAGE
https://www.instagram.com/p/CDD0qiGCZQn/,IMAGE
https://www.instagram.com/p/CDIovyNiun5/,IMAGE
https://www.instagram.com/p/CDMbM6ki_Rl/,IMAGE
https://www.instagram.com/p/CDQ5R-riLbS/,IMAGE
https://www.instagram.com/p/CDTySz2iNTp/,IMAGE
https://www.instagram.com/p/CDZCl96Cusm/,IMAGE
https://www.instagram.com/p/CDjEdRvioaT/,IMAGE
https://www.instagram.com/p/CDoDjh3Ci1Z/,IMAGE
https://www.instagram.com/p/CDquAU-Ccz8/,IMAGE
https://www.instagram.com/p/CDvlTdnCzVE/,IMAGE
https://www.instagram.com/p/CE9EUoxCnxi/,IMAGE
https://www.instagram.com/p/CEBpzIoiZNL/,IMAGE
https://www.instagram.com/p/CEEmgegCONt/,IMAGE
https://www.instagram.com/p/CEJUunEibC9/,IMAGE
https://www.instagram.com/p/CEMEm0GCxPa/,IMAGE
https://www.instagram.com/p/CEWZ2L8iqmp/,IMAGE
https://www.instagram.com/p/CEeEmBViKWK/,IMAGE
https://www.instagram.com/p/CEjazGWih2l/,IMAGE
https://www.instagram.com/p/CEl65RuiiIq/,IMAGE
https://www.instagram.com/p/CFHlOJmidwo/,IMAGE
https://www.instagram.com/p/CFRxpoDCpH0/,IMAGE
https://www.instagram.com/p/CFmlUJhCpHE/,IMAGE
https://www.instagram.com/p/CG2GRBALOQS/,IMAGE
https://www.instagram.com/p/CGCySivp_jR/,IMAGE
https://www.instagram.com/p/CGPhRNMpK0Y/,IMAGE
https://www.instagram.com/p/CGW_0UBp8XW/,IMAGE
https://www.instagram.com/p/CGfJMesphBw/,IMAGE
https://www.instagram.com/p/CH-PsakrB6D/,IMAGE
https://www.instagram.com/p/CH5PxYPLn4t/,IMAGE
https://www.instagram.com/p/CHDKa0CrtRJ/,IMAGE
https://www.instagram.com/p/CHKu99JLlUs/,IMAGE
https://www.instagram.com/p/CHP0CeoryEb/,IMAGE
https://www.instagram.com/p/CHXpVwuLsrz/,IMAGE
https://www.instagram.com/p/CHYGH-grcRr/,IMAGE
https://www.instagram.com/p/CHka-3WLo6o/,IMAGE
https://www.instagram.com/p/CHu3GTyry3U/,IMAGE
https://www.instagram.com/p/CI-tTq3LI7o/,IMAGE
https://www.instagram.com/p/CIV6SjRL2uC/,IMAGE
https://www.instagram.com/p/CIdCfxBrmN3/,IMAGE
https://www.instagram.com/p/CIvG8qNrwbc/,IMAGE
https://www.instagram.com/p/CJ50BFwrQiD/,IMAGE
https://www.instagram.com/p/CJN_NsDLA5b/,IMAGE
https://www.instagram.com/p/CJWDAsvrqqH/,IMAGE
https://www.instagram.com/p/CJa8ZJDr2T8/,IMAGE
https://www.instagram.com/p/CJggBVQrfiI/,IMAGE
https://www.instagram.com/p/CJlSeScrleA/,IMAGE
https://www.instagram.com/p/CJn90jMLTZ2/,IMAGE
https://www.instagram.com/p/CJtOwuuL1o7/,IMAGE
https://www.instagram.com/p/CK1UogBLhXJ/,IMAGE
https://www.instagram.com/p/CKBoI85LIcW/,IMAGE
https://www.instagram.com/p/CKG1S2MLqhp/,IMAGE
https://www.instagram.com/p/CKLyNYzL3eX/,IMAGE
https://www.instagram.com/p/CKbcTERrxi0/,IMAGE
https://www.instagram.com/p/CKd-ebxrqT0/,IMAGE
https://www.instagram.com/p/CKlipZ9rWGc/,IMAGE
https://www.instagram.com/p/CKv2QamrH02/,IMAGE
https://www.instagram.com/p/CL6d5rjLGGT/,IMAGE
https://www.instagram.com/p/CLMMmHBrjf0/,IMAGE
https://www.instagram.com/p/CLRQpKDLa_h/,IMAGE
https://www.instagram.com/p/CMH6C5zLGDy/,IMAGE
https://www.instagram.com/p/CMPRMsjL3FZ/,IMAGE
https://www.instagram.com/p/CMWvqQELigj/,IMAGE
https://www.instagram.com/p/CMzgqBKrZuR/,IMAGE
https://www.instagram.com/p/CN4apQ_rWdZ/,IMAGE
https://www.instagram.com/p/CN9pZHJreJu/,IMAGE
https://www.instagram.com/p/CNZ_A-fr6-m/,IMAGE
https://www.instagram.com/p/CNw7IANrN8b/,IMAGE
https://www.instagram.com/p/CO7dDaordGs/,IMAGE
https://www.instagram.com/p/COA_HT-LKPx/,IMAGE
https://www.instagram.com/p/COFpSmRLiuK/,IMAGE
https://www.instagram.com/p/COS16rzr02K/,IMAGE
https://www.instagram.com/p/COkk88aLMK9/,IMAGE
https://www.instagram.com/p/COu3EWWLg7N/,IMAGE
https://www.instagram.com/p/CP-g4lNLNFD/,IMAGE
https://www.instagram.com/p/CP2_gMXL2f9/,IMAGE
https://www.instagram.com/p/CP71BilrI0P/,IMAGE
https://www.instagram.com/p/CPIRIS3LJtr/,IMAGE
https://www.instagram.com/p/CPLLpfCrDxs/,IMAGE
https://www.instagram.com/p/CPN-IUmLO70/,IMAGE
https://www.instagram.com/p/CPXnmSjL6k7/,IMAGE
https://www.instagram.com/p/CPdhd4QLeK9/,IMAGE
https://www.instagram.com/p/CPiuq-Kr5m1/,IMAGE
https://www.instagram.com/p/CQ3Oi00LJuN/,IMAGE
https://www.instagram.com/p/CQHAYouL7Ya/,IMAGE
https://www.instagram.com/p/CQLrCrGrQt3/,IMAGE
https://www.instagram.com/p/CQTJOxmL-4R/,IMAGE
https://www.instagram.com/p/CQf6X__rO-N/,IMAGE
https://www.instagram.com/p/CQtGScRrZpK/,IMAGE
https://www.instagram.com/p/CR3htmCr4H7/,IMAGE
https://www.instagram.com/p/CRYgXHlrKDg/,IMAGE
https://www.instagram.com/p/CR_XcqRrj-7/,IMAGE
https://www.instagram.com/p/CRdvrYBr94s/,IMAGE
https://www.instagram.com/p/CS1apkBIAjf/,IMAGE
https://www.instagram.com/p/CS4MFGEItQi/,IMAGE
https://www.instagram.com/p/CS9Dl36LQRA/,IMAGE
https://www.instagram.com/p/CSJpuKSo-_U/,IMAGE
https://www.instagram.com/p/CSb0W8EIG1L/,IMAGE
https://www.instagram.com/p/CSjPl6KLiZg/,IMAGE
https://www.instagram.com/p/CSlxTnqrM_J/,IMAGE
https://www.instagram.com/p/CSrHQoDInO8/,IMAGE
https://www.instagram.com/p/CT9VppDLO1V/,IMAGE
https://www.instagram.com/p/CTCV2HBIS74/,IMAGE
https://www.instagram.com/p/CTMZGeHrZZC/,IMAGE
https://www.instagram.com/p/CTUiUKNo9m5/,IMAGE
https://www.instagram.com/p/CTelJrFICsM/,IMAGE
https://www.instagram.com/p/CTsA7Lzoqcn/,IMAGE
https://www.instagram.com/p/CU2x-iJoqdJ/,IMAGE
https://www.instagram.com/p/CU9usaDoxeB/,IMAGE
https://www.instagram.com/p/CUAR2Pmokm8/,IMAGE
https://www.instagram.com/p/CUFSSSGIS_5/,IMAGE
https://www.instagram.com/p/CUSXdaSom-m/,IMAGE
https://www.instagram.com/p/CUXNjl3IbP1/,IMAGE
https://www.instagram.com/p/CUxUBdKIimu/,IMAGE
https://www.instagram.com/p/CV71GvjISBM/,IMAGE
https://www.instagram.com/p/CVIjxMhIfUm/,IMAGE
https://www.instagram.com/p/CVKxouUII4O/,IMAGE
https://www.instagram.com/p/CVP21X_oaJr/,IMAGE
https://www.instagram.com/p/CVm6krqL-8F/,IMAGE
https://www.instagram.com/p/CVpgnV5LBT5/,IMAGE
https://www.instagram.com/p/CVsh263oqzE/,IMAGE
https://www.instagram.com/p/CWDe1yGokjQ/,IMAGE
https://www.instagram.com/p/CWI62l8o1ns/,IMAGE
https://www.instagram.com/p/CWLwkTsIlOo/,IMAGE
https://www.instagram.com/p/CWVmCcgI1Mo/,IMAGE
https://www.instagram.com/p/CXJjOf1rFCl/,IMAGE
https://www.instagram.com/p/CXODtwFLvqO/,IMAGE
https://www.instagram.com/p/CXV_lr6LYSU/,IMAGE
https://www.instagram.com/p/CXqlNUlIqdh/,IMAGE
https://www.instagram.com/p/CXv2l9Yol-V/,IMAGE
https://www.instagram.com/p/CYHM2CHojS4/,IMAGE
https://www.instagram.com/p/CZ4EqaGr5kM/,IMAGE
https://www.instagram.com/p/CZHFPu-rAs-/,IMAGE
https://www.instagram.com/p/CZUgKp2LBUm/,IMAGE
https://www.instagram.com/p/CZel7y3o_0a/,IMAGE
https://www.instagram.com/p/CZmfMi3rC9v/,IMAGE
https://www.instagram.com/p/CZq6s03Lmsz/,IMAGE
https://www.instagram.com/p/CaFG2W_rC2K/,IMAGE
https://www.instagram.com/p/CaHalDWr8HV/,IMAGE
https://www.instagram.com/p/CaKh1YnrP8_/,IMAGE
https://www.instagram.com/p/CacutsyLCJ5/,IMAGE
https://www.instagram.com/p/Caey6DDL-Mq/,IMAGE
https://www.instagram.com/p/CaztMz-LjZH/,IMAGE
https://www.instagram.com/p/CbCqWZiOZKR/,IMAGE
https://www.instagram.com/p/CbIFCOloYtt/,IMAGE
https://www.instagram.com/p/CbSlrWpIQAn/,IMAGE
https://www.instagram.com/p/CbUotjorGyj/,IMAGE
https://www.instagram.com/p/Cbww9Z9O9Ya/,IMAGE
https://www.instagram.com/p/Cc0wgy6oYo-/,IMAGE
https://www.instagram.com/p/Cc271f-ocK7/,IMAGE
https://www.instagram.com/p/CcaxlOUI7MF/,IMAGE
https://www.instagram.com/p/CcssnrbIlnN/,IMAGE
https://www.instagram.com/p/CdAsUTMONdr/,IMAGE
https://www.instagram.com/p/CdK5xcjOqWl/,IMAGE
https://www.instagram.com/p/CdahuvRLAZp/,IMAGE
https://www.instagram.com/p/Cdnab0ELJsg/,IMAGE
https://www.instagram.com/p/Ce3FazlLtYp/,IMAGE
https://www.instagram.com/p/CeI0CTdO51q/,IMAGE
https://www.instagram.com/p/CeLcAzPrYta/,IMAGE
https://www.instagram.com/p/CfD65qirncp/,IMAGE
https://www.instagram.com/p/CfJxuP6rK0x/,IMAGE
https://www.instagram.com/p/Cf_S1elLDuV/,IMAGE
https://www.instagram.com/p/CfgZvJqLCkW/,IMAGE
https://www.instagram.com/p/CfoO8wnL8ZI/,IMAGE
https://www.instagram.com/p/CfyonSprbTL/,IMAGE
https://www.instagram.com/p/Cg39L9yjWaj/,IMAGE
https://www.instagram.com/p/CgM8iHajzO_/,IMAGE
https://www.instagram.com/p/Cgb493dj8QW/,IMAGE
https://www.instagram.com/p/Ch60AykjCoy/,IMAGE
https://www.instagram.com/p/ChHfoqNDOIg/,IMAGE
https://www.instagram.com/p/ChXKRGiDNdn/,IMAGE
https://www.instagram.com/p/Chcob_xD9nv/,IMAGE
https://www.instagram.com/p/Chg9GmtjtFO/,IMAGE
https://www.instagram.com/p/Chwici3jrqx/,IMAGE
https://www.instagram.com/p/Ci2NiZQD15I/,IMAGE
https://www.instagram.com/p/Cjc-BUAjNTS/,IMAGE
https://www.instagram.com/p/CkA_Tu8D9tB/,IMAGE
https://www.instagram.com/p/CkQCdsoD5RD/,IMAGE
https://www.instagram.com/p/CksquLHDigc/,IMAGE
https://www.instagram.com/p/ClLzXdcDl9z/,IMAGE
https://www.instagram.com/p/CoPWpOqLv-M/,IMAGE
https://www.instagram.com/p/CoR9wsfrTPG/,IMAGE
https://www.instagram.com/p/CopXu2Ij59h/,IMAGE
https://www.instagram.com/p/CpSQ99wDsuF/,IMAGE
https://www.instagram.com/p/CpaJeUCDGDS/,IMAGE
https://www.instagram.com/p/Cphqxn_jPQS/,IMAGE
https://www.instagram.com/p/CqIleP_jGU6/,IMAGE
https://www.instagram.com/p/Cqn57T_DcK9/,IMAGE
https://www.instagram.com/p/CrDYcfvNIA4/,IMAGE
https://www.instagram.com/p/Crfqle5tQB4/,IMAGE
https://www.instagram.com/p/CrlBPivtM98/,IMAGE
https://www.instagram.com/p/CsD_iDptjKs/,IMAGE
https://www.instagram.com/p/CsTH_kfNai6/,IMAGE
https://www.instagram.com/p/Cs_2iBkte4c/,IMAGE
https://www.instagram.com/p/CstBvQPtklV/,IMAGE
https://www.instagram.com/p/CtgoPMkNSmG/,IMAGE
https://www.instagram.com/p/Cuju9zEN2J2/,IMAGE
https://www.instagram.com/p/CvUX8bxN4Wy/,IMAGE
https://www.instagram.com/p/CwQMaIUNaTu/,IMAGE
https://www.instagram.com/p/CwaCUtHtdN6/,IMAGE
https://www.instagram.com/p/Cx-Yw4ftIt3/,IMAGE
https://www.instagram.com/p/Cx2sIe8NCsY/,IMAGE
https://www.instagram.com/p/CxQBVP0tn4I/,IMAGE
https://www.instagram.com/p/Cxpygc-NnYk/,IMAGE
https://www.instagram.com/p/CyGdqzZt8pB/,IMAGE
https://www.instagram.com/p/CyLWvj-Nmf7/,IMAGE
https://www.instagram.com/p/CzV_UnstmTM/,IMAGE
https://www.instagram.com/p/CzvxPUnNUYJ/,IMAGE
https://www.instagram.com/p/DCrOkoQtlPS/,IMAGE
https://www.instagram.com/p/DE2LEAHtRji/,IMAGE
https://www.instagram.com/p/DGdbpExN_4L/,IMAGE
https://www.instagram.com/p/DHBEJ_tNbCw/,IMAGE
