shortcode,url,type
B-7JNxCoDm2,https://www.instagram.com/p/B-7JNxCoDm2/,IMAGE
B-AOdSMoug4,https://www.instagram.com/p/B-AOdSMoug4/,IMAGE
B-J7PZci2Ga,https://www.instagram.com/p/B-J7PZci2Ga/,IMAGE
B-WtvO6CcDh,https://www.instagram.com/p/B-WtvO6CcDh/,IMAGE
B-mBuF0IXuI,https://www.instagram.com/p/B-mBuF0IXuI/,IMAGE
B0-wR5xiKlZ,https://www.instagram.com/p/B0-wR5xiKlZ/,IMAGE
B03vq5LoTQg,https://www.instagram.com/p/B03vq5LoTQg/,IMAGE
B06RTAoiiPE,https://www.instagram.com/p/B06RTAoiiPE/,IMAGE
B0BMt4MCw7b,https://www.instagram.com/p/B0BMt4MCw7b/,IMAGE
B0ODhOuC6Pq,https://www.instagram.com/p/B0ODhOuC6Pq/,IMAGE
B0SuJTPCrAi,https://www.instagram.com/p/B0SuJTPCrAi/,IMAGE
B0oTbGdifUc,https://www.instagram.com/p/B0oTbGdifUc/,IMAGE
B0qWk5-o_IQ,https://www.instagram.com/p/B0qWk5-o_IQ/,IMAGE
B0x486TiQfa,https://www.instagram.com/p/B0x486TiQfa/,IMAGE
B1BTcIdCvHI,https://www.instagram.com/p/B1BTcIdCvHI/,IMAGE
B1I9Z_oCgJC,https://www.instagram.com/p/B1I9Z_oCgJC/,IMAGE
B1MazV5IFK-,https://www.instagram.com/p/B1MazV5IFK-/,IMAGE
B1WUXV-oEKi,https://www.instagram.com/p/B1WUXV-oEKi/,IMAGE
B1bDNTvo4d4,https://www.instagram.com/p/B1bDNTvo4d4/,IMAGE
B1gaK2OoAwy,https://www.instagram.com/p/B1gaK2OoAwy/,IMAGE
B1yT2INCuSd,https://www.instagram.com/p/B1yT2INCuSd/,IMAGE
B284slrIesd,https://www.instagram.com/p/B284slrIesd/,IMAGE
B2B3EOYI_z9,https://www.instagram.com/p/B2B3EOYI_z9/,IMAGE
B2HBNAVISIf,https://www.instagram.com/p/B2HBNAVISIf/,IMAGE
B2R6cM7Ihw9,https://www.instagram.com/p/B2R6cM7Ihw9/,IMAGE
B2jszMgiB1G,https://www.instagram.com/p/B2jszMgiB1G/,IMAGE
B2raxcWolBW,https://www.instagram.com/p/B2raxcWolBW/,IMAGE
B2y3bC8ISQT,https://www.instagram.com/p/B2y3bC8ISQT/,IMAGE
B3EpziZisaY,https://www.instagram.com/p/B3EpziZisaY/,IMAGE
B3_6LFhII5G,https://www.instagram.com/p/B3_6LFhII5G/,IMAGE
B3e667AoIWx,https://www.instagram.com/p/B3e667AoIWx/,IMAGE
B3tyHmCoN7S,https://www.instagram.com/p/B3tyHmCoN7S/,IMAGE
B3zRs5uI97I,https://www.instagram.com/p/B3zRs5uI97I/,IMAGE
B4HrEz-oX8A,https://www.instagram.com/p/B4HrEz-oX8A/,IMAGE
B4KQy_TI5jo,https://www.instagram.com/p/B4KQy_TI5jo/,IMAGE
B4U1SidoW-r,https://www.instagram.com/p/B4U1SidoW-r/,IMAGE
B4pIx6RIwqW,https://www.instagram.com/p/B4pIx6RIwqW/,IMAGE
B4rvFEZINFs,https://www.instagram.com/p/B4rvFEZINFs/,IMAGE
B4xADbFo0xQ,https://www.instagram.com/p/B4xADbFo0xQ/,IMAGE
B5-o_dHoVn0,https://www.instagram.com/p/B5-o_dHoVn0/,IMAGE
B50dixVIpK3,https://www.instagram.com/p/B50dixVIpK3/,IMAGE
B5DKp5IIN-Y,https://www.instagram.com/p/B5DKp5IIN-Y/,IMAGE
B5Sx4vlIYLM,https://www.instagram.com/p/B5Sx4vlIYLM/,IMAGE
B5XzDL1IbIN,https://www.instagram.com/p/B5XzDL1IbIN/,IMAGE
B5iFA5RIekr,https://www.instagram.com/p/B5iFA5RIekr/,IMAGE
B5r8jO8ogut,https://www.instagram.com/p/B5r8jO8ogut/,IMAGE
B6750voIA1I,https://www.instagram.com/p/B6750voIA1I/,IMAGE
B6DX0lFCwOe,https://www.instagram.com/p/B6DX0lFCwOe/,IMAGE
B6IkEO6otLM,https://www.instagram.com/p/B6IkEO6otLM/,IMAGE
B6K4qZxoybD,https://www.instagram.com/p/B6K4qZxoybD/,IMAGE
B6NxN7CiSej,https://www.instagram.com/p/B6NxN7CiSej/,IMAGE
B6QV9-ZioeD,https://www.instagram.com/p/B6QV9-ZioeD/,IMAGE
B6icGDkIxL8,https://www.instagram.com/p/B6icGDkIxL8/,IMAGE
B6qBcyhoegw,https://www.instagram.com/p/B6qBcyhoegw/,IMAGE
B6wU6vzIuEH,https://www.instagram.com/p/B6wU6vzIuEH/,IMAGE
B73hBZDIHh8,https://www.instagram.com/p/B73hBZDIHh8/,IMAGE
B7Een3qI0OT,https://www.instagram.com/p/B7Een3qI0OT/,IMAGE
B7Is659oPb7,https://www.instagram.com/p/B7Is659oPb7/,IMAGE
B7VpqEUoTtL,https://www.instagram.com/p/B7VpqEUoTtL/,IMAGE
B7a2UAKI0KH,https://www.instagram.com/p/B7a2UAKI0KH/,IMAGE
B7ghokcI-fn,https://www.instagram.com/p/B7ghokcI-fn/,IMAGE
B7nzBBOI8FW,https://www.instagram.com/p/B7nzBBOI8FW/,IMAGE
B7s289Oo-wK,https://www.instagram.com/p/B7s289Oo-wK/,IMAGE
B7yC1rXog9g,https://www.instagram.com/p/B7yC1rXog9g/,IMAGE
B8EC5e7oXC6,https://www.instagram.com/p/B8EC5e7oXC6/,IMAGE
B8bkrp_oGlf,https://www.instagram.com/p/B8bkrp_oGlf/,IMAGE
B8jMTyaofox,https://www.instagram.com/p/B8jMTyaofox/,IMAGE
B8qr-h9INST,https://www.instagram.com/p/B8qr-h9INST/,IMAGE
B8yQ1hAIQJg,https://www.instagram.com/p/B8yQ1hAIQJg/,IMAGE
B91ss7vIBSQ,https://www.instagram.com/p/B91ss7vIBSQ/,IMAGE
B935GrVItXT,https://www.instagram.com/p/B935GrVItXT/,IMAGE
B9EbDJxI8se,https://www.instagram.com/p/B9EbDJxI8se/,IMAGE
B9MKX5Oo1gU,https://www.instagram.com/p/B9MKX5Oo1gU/,IMAGE
B9ZN-N3iQuD,https://www.instagram.com/p/B9ZN-N3iQuD/,IMAGE
B9eaugZpQPI,https://www.instagram.com/p/B9eaugZpQPI/,IMAGE
B9jzRx4IySf,https://www.instagram.com/p/B9jzRx4IySf/,IMAGE
B9q5TVUo4Oz,https://www.instagram.com/p/B9q5TVUo4Oz/,IMAGE
B9wVAB2IEjx,https://www.instagram.com/p/B9wVAB2IEjx/,IMAGE
B_46JgpIVTM,https://www.instagram.com/p/B_46JgpIVTM/,IMAGE
B_9p8GJoaEr,https://www.instagram.com/p/B_9p8GJoaEr/,IMAGE
B_IFIwsILhh,https://www.instagram.com/p/B_IFIwsILhh/,IMAGE
B_UXW_vIr8E,https://www.instagram.com/p/B_UXW_vIr8E/,IMAGE
B_aNLnyo0GV,https://www.instagram.com/p/B_aNLnyo0GV/,IMAGE
B_ud1Y7oHxp,https://www.instagram.com/p/B_ud1Y7oHxp/,IMAGE
Bx-UPREiO--,https://www.instagram.com/p/Bx-UPREiO--/,IMAGE
Bx7mdxKCiw3,https://www.instagram.com/p/Bx7mdxKCiw3/,IMAGE
By9ql8Si2Tm,https://www.instagram.com/p/By9ql8Si2Tm/,IMAGE
ByDFpvjiFQW,https://www.instagram.com/p/ByDFpvjiFQW/,IMAGE
ByLLpC2CpBC,https://www.instagram.com/p/ByLLpC2CpBC/,IMAGE
ByP7HDsCVrB,https://www.instagram.com/p/ByP7HDsCVrB/,IMAGE
ByXVIOgCpVu,https://www.instagram.com/p/ByXVIOgCpVu/,IMAGE
ByfYJY7Cfgk,https://www.instagram.com/p/ByfYJY7Cfgk/,IMAGE
BykdSUkCXFo,https://www.instagram.com/p/BykdSUkCXFo/,IMAGE
ByugqYzijwd,https://www.instagram.com/p/ByugqYzijwd/,IMAGE
BzDD-9KCfhE,https://www.instagram.com/p/BzDD-9KCfhE/,IMAGE
BzL4_5ZI-wL,https://www.instagram.com/p/BzL4_5ZI-wL/,IMAGE
BzTpeGpId2r,https://www.instagram.com/p/BzTpeGpId2r/,IMAGE
C0T6XTttejm,https://www.instagram.com/p/C0T6XTttejm/,IMAGE
C0tyYZvNJ8s,https://www.instagram.com/p/C0tyYZvNJ8s/,IMAGE
C4XnsKRN8Vt,https://www.instagram.com/p/C4XnsKRN8Vt/,IMAGE
C4aS-wVt-Sk,https://www.instagram.com/p/C4aS-wVt-Sk/,IMAGE
C4iFsARNJXx,https://www.instagram.com/p/C4iFsARNJXx/,IMAGE
C8MgR5_Nu-k,https://www.instagram.com/p/C8MgR5_Nu-k/,IMAGE
C8WuXqZtq_3,https://www.instagram.com/p/C8WuXqZtq_3/,IMAGE
C9XLB9HN45-,https://www.instagram.com/p/C9XLB9HN45-/,IMAGE
C9mnGurNZXO,https://www.instagram.com/p/C9mnGurNZXO/,IMAGE
CAfdJpgIPgZ,https://www.instagram.com/p/CAfdJpgIPgZ/,IMAGE
CAnuPhOoo19,https://www.instagram.com/p/CAnuPhOoo19/,IMAGE
CApY0AAo1s4,https://www.instagram.com/p/CApY0AAo1s4/,IMAGE
CAuuSnEiFxJ,https://www.instagram.com/p/CAuuSnEiFxJ/,IMAGE
CAxhskNiPyg,https://www.instagram.com/p/CAxhskNiPyg/,IMAGE
CB5UvLriMGb,https://www.instagram.com/p/CB5UvLriMGb/,IMAGE
CBAwUKVCO4f,https://www.instagram.com/p/CBAwUKVCO4f/,IMAGE
CBQE_8biP6b,https://www.instagram.com/p/CBQE_8biP6b/,IMAGE
CBSlfn8idUS,https://www.instagram.com/p/CBSlfn8idUS/,IMAGE
CBX_xtLiPPS,https://www.instagram.com/p/CBX_xtLiPPS/,IMAGE
CBdXakwifIf,https://www.instagram.com/p/CBdXakwifIf/,IMAGE
CBqSHERiJz9,https://www.instagram.com/p/CBqSHERiJz9/,IMAGE
CBs6V5Pin8v,https://www.instagram.com/p/CBs6V5Pin8v/,IMAGE
CBvPwhVCAyK,https://www.instagram.com/p/CBvPwhVCAyK/,IMAGE
CC-ycKXCNn3,https://www.instagram.com/p/CC-ycKXCNn3/,IMAGE
CC3EilhiDq1,https://www.instagram.com/p/CC3EilhiDq1/,IMAGE
CCGhK0to2hg,https://www.instagram.com/p/CCGhK0to2hg/,IMAGE
CCOSHZAi2ww,https://www.instagram.com/p/CCOSHZAi2ww/,IMAGE
CCWPFDEi-RK,https://www.instagram.com/p/CCWPFDEi-RK/,IMAGE
CCllA_3ioRN,https://www.instagram.com/p/CCllA_3ioRN/,IMAGE
CCq0MsyCRVC,https://www.instagram.com/p/CCq0MsyCRVC/,IMAGE
CCtFfeJiPIU,https://www.instagram.com/p/CCtFfeJiPIU/,IMAGE
CCyLT1EiHym,https://www.instagram.com/p/CCyLT1EiHym/,IMAGE
CD3cC01ix0r,https://www.instagram.com/p/CD3cC01ix0r/,IMAGE
CD8taKdCaQx,https://www.instagram.com/p/CD8taKdCaQx/,IMAGE
CDD0qiGCZQn,https://www.instagram.com/p/CDD0qiGCZQn/,IMAGE
CDIovyNiun5,https://www.instagram.com/p/CDIovyNiun5/,IMAGE
CDMbM6ki_Rl,https://www.instagram.com/p/CDMbM6ki_Rl/,IMAGE
CDQ5R-riLbS,https://www.instagram.com/p/CDQ5R-riLbS/,IMAGE
CDTySz2iNTp,https://www.instagram.com/p/CDTySz2iNTp/,IMAGE
CDZCl96Cusm,https://www.instagram.com/p/CDZCl96Cusm/,IMAGE
CDjEdRvioaT,https://www.instagram.com/p/CDjEdRvioaT/,IMAGE
CDoDjh3Ci1Z,https://www.instagram.com/p/CDoDjh3Ci1Z/,IMAGE
CDquAU-Ccz8,https://www.instagram.com/p/CDquAU-Ccz8/,IMAGE
CDvlTdnCzVE,https://www.instagram.com/p/CDvlTdnCzVE/,IMAGE
CE9EUoxCnxi,https://www.instagram.com/p/CE9EUoxCnxi/,IMAGE
CEBpzIoiZNL,https://www.instagram.com/p/CEBpzIoiZNL/,IMAGE
CEEmgegCONt,https://www.instagram.com/p/CEEmgegCONt/,IMAGE
CEJUunEibC9,https://www.instagram.com/p/CEJUunEibC9/,IMAGE
CEMEm0GCxPa,https://www.instagram.com/p/CEMEm0GCxPa/,IMAGE
CEWZ2L8iqmp,https://www.instagram.com/p/CEWZ2L8iqmp/,IMAGE
CEeEmBViKWK,https://www.instagram.com/p/CEeEmBViKWK/,IMAGE
CEjazGWih2l,https://www.instagram.com/p/CEjazGWih2l/,IMAGE
CEl65RuiiIq,https://www.instagram.com/p/CEl65RuiiIq/,IMAGE
CFHlOJmidwo,https://www.instagram.com/p/CFHlOJmidwo/,IMAGE
CFRxpoDCpH0,https://www.instagram.com/p/CFRxpoDCpH0/,IMAGE
CFmlUJhCpHE,https://www.instagram.com/p/CFmlUJhCpHE/,IMAGE
CG2GRBALOQS,https://www.instagram.com/p/CG2GRBALOQS/,IMAGE
CGCySivp_jR,https://www.instagram.com/p/CGCySivp_jR/,IMAGE
CGPhRNMpK0Y,https://www.instagram.com/p/CGPhRNMpK0Y/,IMAGE
CGW_0UBp8XW,https://www.instagram.com/p/CGW_0UBp8XW/,IMAGE
CGfJMesphBw,https://www.instagram.com/p/CGfJMesphBw/,IMAGE
CH-PsakrB6D,https://www.instagram.com/p/CH-PsakrB6D/,IMAGE
CH5PxYPLn4t,https://www.instagram.com/p/CH5PxYPLn4t/,IMAGE
CHDKa0CrtRJ,https://www.instagram.com/p/CHDKa0CrtRJ/,IMAGE
CHKu99JLlUs,https://www.instagram.com/p/CHKu99JLlUs/,IMAGE
CHP0CeoryEb,https://www.instagram.com/p/CHP0CeoryEb/,IMAGE
CHXpVwuLsrz,https://www.instagram.com/p/CHXpVwuLsrz/,IMAGE
CHYGH-grcRr,https://www.instagram.com/p/CHYGH-grcRr/,IMAGE
CHka-3WLo6o,https://www.instagram.com/p/CHka-3WLo6o/,IMAGE
CHu3GTyry3U,https://www.instagram.com/p/CHu3GTyry3U/,IMAGE
CI-tTq3LI7o,https://www.instagram.com/p/CI-tTq3LI7o/,IMAGE
CIV6SjRL2uC,https://www.instagram.com/p/CIV6SjRL2uC/,IMAGE
CIdCfxBrmN3,https://www.instagram.com/p/CIdCfxBrmN3/,IMAGE
CIvG8qNrwbc,https://www.instagram.com/p/CIvG8qNrwbc/,IMAGE
CJ50BFwrQiD,https://www.instagram.com/p/CJ50BFwrQiD/,IMAGE
CJN_NsDLA5b,https://www.instagram.com/p/CJN_NsDLA5b/,IMAGE
CJWDAsvrqqH,https://www.instagram.com/p/CJWDAsvrqqH/,IMAGE
CJa8ZJDr2T8,https://www.instagram.com/p/CJa8ZJDr2T8/,IMAGE
CJggBVQrfiI,https://www.instagram.com/p/CJggBVQrfiI/,IMAGE
CJlSeScrleA,https://www.instagram.com/p/CJlSeScrleA/,IMAGE
CJn90jMLTZ2,https://www.instagram.com/p/CJn90jMLTZ2/,IMAGE
CJtOwuuL1o7,https://www.instagram.com/p/CJtOwuuL1o7/,IMAGE
CK1UogBLhXJ,https://www.instagram.com/p/CK1UogBLhXJ/,IMAGE
CKBoI85LIcW,https://www.instagram.com/p/CKBoI85LIcW/,IMAGE
CKG1S2MLqhp,https://www.instagram.com/p/CKG1S2MLqhp/,IMAGE
CKLyNYzL3eX,https://www.instagram.com/p/CKLyNYzL3eX/,IMAGE
CKbcTERrxi0,https://www.instagram.com/p/CKbcTERrxi0/,IMAGE
CKd-ebxrqT0,https://www.instagram.com/p/CKd-ebxrqT0/,IMAGE
CKlipZ9rWGc,https://www.instagram.com/p/CKlipZ9rWGc/,IMAGE
CKv2QamrH02,https://www.instagram.com/p/CKv2QamrH02/,IMAGE
CL6d5rjLGGT,https://www.instagram.com/p/CL6d5rjLGGT/,IMAGE
CLMMmHBrjf0,https://www.instagram.com/p/CLMMmHBrjf0/,IMAGE
CLRQpKDLa_h,https://www.instagram.com/p/CLRQpKDLa_h/,IMAGE
CMH6C5zLGDy,https://www.instagram.com/p/CMH6C5zLGDy/,IMAGE
CMPRMsjL3FZ,https://www.instagram.com/p/CMPRMsjL3FZ/,IMAGE
CMWvqQELigj,https://www.instagram.com/p/CMWvqQELigj/,IMAGE
CMzgqBKrZuR,https://www.instagram.com/p/CMzgqBKrZuR/,IMAGE
CN4apQ_rWdZ,https://www.instagram.com/p/CN4apQ_rWdZ/,IMAGE
CN9pZHJreJu,https://www.instagram.com/p/CN9pZHJreJu/,IMAGE
CNZ_A-fr6-m,https://www.instagram.com/p/CNZ_A-fr6-m/,IMAGE
CNw7IANrN8b,https://www.instagram.com/p/CNw7IANrN8b/,IMAGE
CO7dDaordGs,https://www.instagram.com/p/CO7dDaordGs/,IMAGE
COA_HT-LKPx,https://www.instagram.com/p/COA_HT-LKPx/,IMAGE
COFpSmRLiuK,https://www.instagram.com/p/COFpSmRLiuK/,IMAGE
COS16rzr02K,https://www.instagram.com/p/COS16rzr02K/,IMAGE
COkk88aLMK9,https://www.instagram.com/p/COkk88aLMK9/,IMAGE
COu3EWWLg7N,https://www.instagram.com/p/COu3EWWLg7N/,IMAGE
CP-g4lNLNFD,https://www.instagram.com/p/CP-g4lNLNFD/,IMAGE
CP2_gMXL2f9,https://www.instagram.com/p/CP2_gMXL2f9/,IMAGE
CP71BilrI0P,https://www.instagram.com/p/CP71BilrI0P/,IMAGE
CPIRIS3LJtr,https://www.instagram.com/p/CPIRIS3LJtr/,IMAGE
CPLLpfCrDxs,https://www.instagram.com/p/CPLLpfCrDxs/,IMAGE
CPN-IUmLO70,https://www.instagram.com/p/CPN-IUmLO70/,IMAGE
CPXnmSjL6k7,https://www.instagram.com/p/CPXnmSjL6k7/,IMAGE
CPdhd4QLeK9,https://www.instagram.com/p/CPdhd4QLeK9/,IMAGE
CPiuq-Kr5m1,https://www.instagram.com/p/CPiuq-Kr5m1/,IMAGE
CQ3Oi00LJuN,https://www.instagram.com/p/CQ3Oi00LJuN/,IMAGE
CQHAYouL7Ya,https://www.instagram.com/p/CQHAYouL7Ya/,IMAGE
CQLrCrGrQt3,https://www.instagram.com/p/CQLrCrGrQt3/,IMAGE
CQTJOxmL-4R,https://www.instagram.com/p/CQTJOxmL-4R/,IMAGE
CQf6X__rO-N,https://www.instagram.com/p/CQf6X__rO-N/,IMAGE
CQtGScRrZpK,https://www.instagram.com/p/CQtGScRrZpK/,IMAGE
CR3htmCr4H7,https://www.instagram.com/p/CR3htmCr4H7/,IMAGE
CRYgXHlrKDg,https://www.instagram.com/p/CRYgXHlrKDg/,IMAGE
CR_XcqRrj-7,https://www.instagram.com/p/CR_XcqRrj-7/,IMAGE
CRdvrYBr94s,https://www.instagram.com/p/CRdvrYBr94s/,IMAGE
CS1apkBIAjf,https://www.instagram.com/p/CS1apkBIAjf/,IMAGE
CS4MFGEItQi,https://www.instagram.com/p/CS4MFGEItQi/,IMAGE
CS9Dl36LQRA,https://www.instagram.com/p/CS9Dl36LQRA/,IMAGE
CSJpuKSo-_U,https://www.instagram.com/p/CSJpuKSo-_U/,IMAGE
CSb0W8EIG1L,https://www.instagram.com/p/CSb0W8EIG1L/,IMAGE
CSjPl6KLiZg,https://www.instagram.com/p/CSjPl6KLiZg/,IMAGE
CSlxTnqrM_J,https://www.instagram.com/p/CSlxTnqrM_J/,IMAGE
CSrHQoDInO8,https://www.instagram.com/p/CSrHQoDInO8/,IMAGE
CT9VppDLO1V,https://www.instagram.com/p/CT9VppDLO1V/,IMAGE
CTCV2HBIS74,https://www.instagram.com/p/CTCV2HBIS74/,IMAGE
CTMZGeHrZZC,https://www.instagram.com/p/CTMZGeHrZZC/,IMAGE
CTUiUKNo9m5,https://www.instagram.com/p/CTUiUKNo9m5/,IMAGE
CTelJrFICsM,https://www.instagram.com/p/CTelJrFICsM/,IMAGE
CTsA7Lzoqcn,https://www.instagram.com/p/CTsA7Lzoqcn/,IMAGE
CU2x-iJoqdJ,https://www.instagram.com/p/CU2x-iJoqdJ/,IMAGE
CU9usaDoxeB,https://www.instagram.com/p/CU9usaDoxeB/,IMAGE
CUAR2Pmokm8,https://www.instagram.com/p/CUAR2Pmokm8/,IMAGE
CUFSSSGIS_5,https://www.instagram.com/p/CUFSSSGIS_5/,IMAGE
CUSXdaSom-m,https://www.instagram.com/p/CUSXdaSom-m/,IMAGE
CUXNjl3IbP1,https://www.instagram.com/p/CUXNjl3IbP1/,IMAGE
CUxUBdKIimu,https://www.instagram.com/p/CUxUBdKIimu/,IMAGE
CV71GvjISBM,https://www.instagram.com/p/CV71GvjISBM/,IMAGE
CVIjxMhIfUm,https://www.instagram.com/p/CVIjxMhIfUm/,IMAGE
CVKxouUII4O,https://www.instagram.com/p/CVKxouUII4O/,IMAGE
CVP21X_oaJr,https://www.instagram.com/p/CVP21X_oaJr/,IMAGE
CVm6krqL-8F,https://www.instagram.com/p/CVm6krqL-8F/,IMAGE
CVpgnV5LBT5,https://www.instagram.com/p/CVpgnV5LBT5/,IMAGE
CVsh263oqzE,https://www.instagram.com/p/CVsh263oqzE/,IMAGE
CWDe1yGokjQ,https://www.instagram.com/p/CWDe1yGokjQ/,IMAGE
CWI62l8o1ns,https://www.instagram.com/p/CWI62l8o1ns/,IMAGE
CWLwkTsIlOo,https://www.instagram.com/p/CWLwkTsIlOo/,IMAGE
CWVmCcgI1Mo,https://www.instagram.com/p/CWVmCcgI1Mo/,IMAGE
CXJjOf1rFCl,https://www.instagram.com/p/CXJjOf1rFCl/,IMAGE
CXODtwFLvqO,https://www.instagram.com/p/CXODtwFLvqO/,IMAGE
CXV_lr6LYSU,https://www.instagram.com/p/CXV_lr6LYSU/,IMAGE
CXqlNUlIqdh,https://www.instagram.com/p/CXqlNUlIqdh/,IMAGE
CXv2l9Yol-V,https://www.instagram.com/p/CXv2l9Yol-V/,IMAGE
CYHM2CHojS4,https://www.instagram.com/p/CYHM2CHojS4/,IMAGE
CZ4EqaGr5kM,https://www.instagram.com/p/CZ4EqaGr5kM/,IMAGE
CZHFPu-rAs-,https://www.instagram.com/p/CZHFPu-rAs-/,IMAGE
CZUgKp2LBUm,https://www.instagram.com/p/CZUgKp2LBUm/,IMAGE
CZel7y3o_0a,https://www.instagram.com/p/CZel7y3o_0a/,IMAGE
CZmfMi3rC9v,https://www.instagram.com/p/CZmfMi3rC9v/,IMAGE
CZq6s03Lmsz,https://www.instagram.com/p/CZq6s03Lmsz/,IMAGE
CaFG2W_rC2K,https://www.instagram.com/p/CaFG2W_rC2K/,IMAGE
CaHalDWr8HV,https://www.instagram.com/p/CaHalDWr8HV/,IMAGE
CaKh1YnrP8_,https://www.instagram.com/p/CaKh1YnrP8_/,IMAGE
CacutsyLCJ5,https://www.instagram.com/p/CacutsyLCJ5/,IMAGE
Caey6DDL-Mq,https://www.instagram.com/p/Caey6DDL-Mq/,IMAGE
CaztMz-LjZH,https://www.instagram.com/p/CaztMz-LjZH/,IMAGE
CbCqWZiOZKR,https://www.instagram.com/p/CbCqWZiOZKR/,IMAGE
CbIFCOloYtt,https://www.instagram.com/p/CbIFCOloYtt/,IMAGE
CbSlrWpIQAn,https://www.instagram.com/p/CbSlrWpIQAn/,IMAGE
CbUotjorGyj,https://www.instagram.com/p/CbUotjorGyj/,IMAGE
Cbww9Z9O9Ya,https://www.instagram.com/p/Cbww9Z9O9Ya/,IMAGE
Cc0wgy6oYo-,https://www.instagram.com/p/Cc0wgy6oYo-/,IMAGE
Cc271f-ocK7,https://www.instagram.com/p/Cc271f-ocK7/,IMAGE
CcaxlOUI7MF,https://www.instagram.com/p/CcaxlOUI7MF/,IMAGE
CcssnrbIlnN,https://www.instagram.com/p/CcssnrbIlnN/,IMAGE
CdAsUTMONdr,https://www.instagram.com/p/CdAsUTMONdr/,IMAGE
CdK5xcjOqWl,https://www.instagram.com/p/CdK5xcjOqWl/,IMAGE
CdahuvRLAZp,https://www.instagram.com/p/CdahuvRLAZp/,IMAGE
Cdnab0ELJsg,https://www.instagram.com/p/Cdnab0ELJsg/,IMAGE
Ce3FazlLtYp,https://www.instagram.com/p/Ce3FazlLtYp/,IMAGE
CeI0CTdO51q,https://www.instagram.com/p/CeI0CTdO51q/,IMAGE
CeLcAzPrYta,https://www.instagram.com/p/CeLcAzPrYta/,IMAGE
CfD65qirncp,https://www.instagram.com/p/CfD65qirncp/,IMAGE
CfJxuP6rK0x,https://www.instagram.com/p/CfJxuP6rK0x/,IMAGE
Cf_S1elLDuV,https://www.instagram.com/p/Cf_S1elLDuV/,IMAGE
CfgZvJqLCkW,https://www.instagram.com/p/CfgZvJqLCkW/,IMAGE
CfoO8wnL8ZI,https://www.instagram.com/p/CfoO8wnL8ZI/,IMAGE
CfyonSprbTL,https://www.instagram.com/p/CfyonSprbTL/,IMAGE
Cg39L9yjWaj,https://www.instagram.com/p/Cg39L9yjWaj/,IMAGE
CgM8iHajzO_,https://www.instagram.com/p/CgM8iHajzO_/,IMAGE
Cgb493dj8QW,https://www.instagram.com/p/Cgb493dj8QW/,IMAGE
Ch60AykjCoy,https://www.instagram.com/p/Ch60AykjCoy/,IMAGE
ChHfoqNDOIg,https://www.instagram.com/p/ChHfoqNDOIg/,IMAGE
ChXKRGiDNdn,https://www.instagram.com/p/ChXKRGiDNdn/,IMAGE
Chcob_xD9nv,https://www.instagram.com/p/Chcob_xD9nv/,IMAGE
Chg9GmtjtFO,https://www.instagram.com/p/Chg9GmtjtFO/,IMAGE
Chwici3jrqx,https://www.instagram.com/p/Chwici3jrqx/,IMAGE
Ci2NiZQD15I,https://www.instagram.com/p/Ci2NiZQD15I/,IMAGE
Cjc-BUAjNTS,https://www.instagram.com/p/Cjc-BUAjNTS/,IMAGE
CkA_Tu8D9tB,https://www.instagram.com/p/CkA_Tu8D9tB/,IMAGE
CkQCdsoD5RD,https://www.instagram.com/p/CkQCdsoD5RD/,IMAGE
CksquLHDigc,https://www.instagram.com/p/CksquLHDigc/,IMAGE
ClLzXdcDl9z,https://www.instagram.com/p/ClLzXdcDl9z/,IMAGE
CoPWpOqLv-M,https://www.instagram.com/p/CoPWpOqLv-M/,IMAGE
CoR9wsfrTPG,https://www.instagram.com/p/CoR9wsfrTPG/,IMAGE
CopXu2Ij59h,https://www.instagram.com/p/CopXu2Ij59h/,IMAGE
CpSQ99wDsuF,https://www.instagram.com/p/CpSQ99wDsuF/,IMAGE
CpaJeUCDGDS,https://www.instagram.com/p/CpaJeUCDGDS/,IMAGE
Cphqxn_jPQS,https://www.instagram.com/p/Cphqxn_jPQS/,IMAGE
CqIleP_jGU6,https://www.instagram.com/p/CqIleP_jGU6/,IMAGE
Cqn57T_DcK9,https://www.instagram.com/p/Cqn57T_DcK9/,IMAGE
CrDYcfvNIA4,https://www.instagram.com/p/CrDYcfvNIA4/,IMAGE
Crfqle5tQB4,https://www.instagram.com/p/Crfqle5tQB4/,IMAGE
CrlBPivtM98,https://www.instagram.com/p/CrlBPivtM98/,IMAGE
CsD_iDptjKs,https://www.instagram.com/p/CsD_iDptjKs/,IMAGE
CsTH_kfNai6,https://www.instagram.com/p/CsTH_kfNai6/,IMAGE
Cs_2iBkte4c,https://www.instagram.com/p/Cs_2iBkte4c/,IMAGE
CstBvQPtklV,https://www.instagram.com/p/CstBvQPtklV/,IMAGE
CtgoPMkNSmG,https://www.instagram.com/p/CtgoPMkNSmG/,IMAGE
Cuju9zEN2J2,https://www.instagram.com/p/Cuju9zEN2J2/,IMAGE
CvUX8bxN4Wy,https://www.instagram.com/p/CvUX8bxN4Wy/,IMAGE
CwQMaIUNaTu,https://www.instagram.com/p/CwQMaIUNaTu/,IMAGE
CwaCUtHtdN6,https://www.instagram.com/p/CwaCUtHtdN6/,IMAGE
Cx-Yw4ftIt3,https://www.instagram.com/p/Cx-Yw4ftIt3/,IMAGE
Cx2sIe8NCsY,https://www.instagram.com/p/Cx2sIe8NCsY/,IMAGE
CxQBVP0tn4I,https://www.instagram.com/p/CxQBVP0tn4I/,IMAGE
Cxpygc-NnYk,https://www.instagram.com/p/Cxpygc-NnYk/,IMAGE
CyGdqzZt8pB,https://www.instagram.com/p/CyGdqzZt8pB/,IMAGE
CyLWvj-Nmf7,https://www.instagram.com/p/CyLWvj-Nmf7/,IMAGE
CzV_UnstmTM,https://www.instagram.com/p/CzV_UnstmTM/,IMAGE
CzvxPUnNUYJ,https://www.instagram.com/p/CzvxPUnNUYJ/,IMAGE
DCrOkoQtlPS,https://www.instagram.com/p/DCrOkoQtlPS/,IMAGE
DE2LEAHtRji,https://www.instagram.com/p/DE2LEAHtRji/,IMAGE
DGdbpExN_4L,https://www.instagram.com/p/DGdbpExN_4L/,IMAGE
DHBEJ_tNbCw,https://www.instagram.com/p/DHBEJ_tNbCw/,IMAGE
