short_id,status,connection_type,connected_id,overlay_label,detection_method
80cTxK_fA_Q,connected,long,wWj-r-tCArw,"A DOMANDA RISPONDO - CONVIVENZA, RIGHELLI MOLLI E TERAPIA",overlay
AS6paOwhdR0,connected,long,wWj-r-tCArw,"A DOMANDA RISPONDO - CONVIVENZA, RIGHELLI MOLLI E TERAPIA",overlay
wPFcvFEPSSQ,connected,long,wWj-r-tCArw,"A DOMANDA RISPONDO - CONVIVENZA, RIGHELLI MOLLI E TERAPIA",overlay
0HtHNdF2AIY,connected,long,0rzbwX_CNII,TIER LIST - tema HARRY POTTER con @Caleelyt,overlay
Ut11SY8_BTE,connected,long,0rzbwX_CNII,TIER LIST - tema HARRY POTTER con @Caleelyt,overlay
911w9xOdX7g,connected,long,0rzbwX_CNII,TIER LIST - tema HARRY POTTER con @Caleelyt,overlay
hATUt0UytWU,connected,long,OOf8CLAghZ0,GAME NIGHT giochiamo a MEDIUM / con @ClaudioDiBiagio @LolloBarollo1  e @roccotnll,overlay
LdaXe_BxGv0,connected,long,OOf8CLAghZ0,GAME NIGHT giochiamo a MEDIUM / con @ClaudioDiBiagio @LolloBarollo1  e @roccotnll,overlay
7N8LhdXMVXk,connected,long,OOf8CLAghZ0,GAME NIGHT giochiamo a MEDIUM / con @ClaudioDiBiagio @LolloBarollo1  e @roccotnll,overlay
b9Cp9UfIMxM,connected,long,X5qnZAMUv7M,TIER LIST - COSE DI CUI MI FREGA MENO,overlay
_tsZLOVeSQ0,connected,long,X5qnZAMUv7M,TIER LIST - COSE DI CUI MI FREGA MENO,overlay
GZQKAf94_FE,connected,long,X5qnZAMUv7M,TIER LIST - COSE DI CUI MI FREGA MENO,overlay
E0Sh6Cle5mw,connected,long,5qIEw7on7PU,la fine di DARIO MOCCIA,overlay
tsZvN91QKrk,connected,long,5qIEw7on7PU,la fine di DARIO MOCCIA,overlay
4bDXDXVk4WQ,connected,long,5qIEw7on7PU,la fine di DARIO MOCCIA,overlay
hDC3-aZHDg8,connected,short,ry1cTWUGPfU,LA TUA GIORNATA TIPO - Commento di Meda e Vanzini,overlay
aqKnp_oH-eM,connected,long,ojhVyQ7EdR8,CI BEVIAMO L'ULTIMO con LUCA RAVENNA,overlay
NgIbdtSed5I,connected,long,itAHMppkoEY,"APPROFONDIVENTI: GIOCARE COI TABÙ, con Immanuel Casto",overlay
RWsJsvv5kxU,connected,long,itAHMppkoEY,"APPROFONDIVENTI: GIOCARE COI TABÙ, con Immanuel Casto",overlay
mIaH5o28dCw,connected,long,nMK2WNNOI_8,APPROFONDIVENTI: CHE SENSO HA LAVORARE? con FRANCESCA COIN,overlay
Py2furhznhI,connected,long,r8UpzIUGPoU,"BOH RAGA Ep.02, Dobbiamo Parlare",overlay
EXBUAZk4Jf0,connected,long,w_ZZN-PBfZs,"BOH RAGA Ep.04, Natale con chi vuoi",overlay
ZJVitbTXxaw,connected,long,huqS-zUSxwY,CI BEVIAMO L'ULTIMO con MOTTA,overlay
pG-0CyJGT1g,connected,long,huqS-zUSxwY,CI BEVIAMO L'ULTIMO con MOTTA,overlay
UPjnqrAOORw,connected,long,huqS-zUSxwY,CI BEVIAMO L'ULTIMO con MOTTA,overlay
Qt317mwJ4Ws,connected,long,w_ZZN-PBfZs,"BOH RAGA Ep.04, Natale con chi vuoi",overlay
e2-gD7hYkRA,connected,long,w_ZZN-PBfZs,"BOH RAGA Ep.04, Natale con chi vuoi",overlay
pR-YW_AJnsY,connected,long,w_ZZN-PBfZs,"BOH RAGA Ep.04, Natale con chi vuoi",overlay
YacQvYLbT58,connected,long,nMK2WNNOI_8,APPROFONDIVENTI: CHE SENSO HA LAVORARE? con FRANCESCA COIN,overlay
mrwyB-uWVfI,connected,long,nMK2WNNOI_8,APPROFONDIVENTI: CHE SENSO HA LAVORARE? con FRANCESCA COIN,overlay
scVjpHLNoUM,connected,long,nMK2WNNOI_8,APPROFONDIVENTI: CHE SENSO HA LAVORARE? con FRANCESCA COIN,overlay
1jvgp7ZPDac,connected,long,WqRxEf7okik,"BOH RAGA Ep. 03, Vivere in città o vivere in periferia?",overlay
K7xHhMxzk3A,connected,long,tCWUkTx5Kjg,APPROFONDIVENTI: PARLARE DI SESSO con GRETA TOSONI,overlay
MjieUBwhNr0,connected,long,XkyaQwT5bas,CI BEVIAMO L’ULTIMO con FUMETTIBRUTTI,overlay
w2eWuxN3QkI,connected,long,XkyaQwT5bas,CI BEVIAMO L’ULTIMO con FUMETTIBRUTTI,overlay
f4t1qvZh7PY,connected,long,WqRxEf7okik,"BOH RAGA Ep. 03, Vivere in città o vivere in periferia?",overlay
VEBxxBohLHo,connected,long,WqRxEf7okik,"BOH RAGA Ep. 03, Vivere in città o vivere in periferia?",overlay
0moRBmUyHRI,connected,long,rTUz2zSQz10,CI BEVIAMO L'ULTIMO con NAYT,overlay
qceEDKS8PQE,connected,long,rTUz2zSQz10,CI BEVIAMO L'ULTIMO con NAYT,overlay
CEriuGkoL1g,connected,long,YPfDF78VbIY,"ANGELINA MANGO parla di Amici, leggerezza e diventare adulti",overlay
8c_zZ0WQN1I,connected,long,VdTpQ2aiiGU,Basta pollo e uova: 3 proteine che non stai usando,overlay
39TfXCTxrow,connected,long,VdTpQ2aiiGU,Basta pollo e uova: 3 proteine che non stai usando,overlay
QtU53ohhwA4,connected,long,VdTpQ2aiiGU,Basta pollo e uova: 3 proteine che non stai usando,overlay
fq-qi6-CQFE,connected,long,8whGHMECIIw,Zuccheri: come mangiarli senza esagerare,overlay
LoO2rXtYxRw,connected,long,2UpNk3IFMkA,3 ricette con i ceci che non hai mai provato,overlay
DGctPUdGtfw,connected,long,8whGHMECIIw,Zuccheri: come mangiarli senza esagerare,overlay
4zk7rtDSgeU,connected,long,8whGHMECIIw,Zuccheri: come mangiarli senza esagerare,overlay
z4tkCB8M1Vc,connected,long,jo2fcz-L1so,Colazione intelligente: il metodo per mangiare bene ogni mattina,overlay
Xm6OuMLqdrA,connected,long,jo2fcz-L1so,Colazione intelligente: il metodo per mangiare bene ogni mattina,overlay
0dNMHsbMBSM,connected,long,LJAf3r2W5wM,Come risparmiare 3200€ l’anno con il pranzo da casa,overlay
ifXAS9RZToY,connected,long,LJAf3r2W5wM,Come risparmiare 3200€ l’anno con il pranzo da casa,overlay
29UQBCAdKmA,connected,long,FquhtBP_ZsI,👉 Ti alleni tanto ma non dimagrisci? Il metabolismo spiegato semplice,overlay
aXxPmyOsYL8,connected,long,RUzzCmYJt00,Hai del riso avanzato? Fai questo piatto croccante al forno,overlay
raJEckIHJKA,connected,long,LJAf3r2W5wM,Come risparmiare 3200€ l’anno con il pranzo da casa,overlay
U6da8p-M9yU,connected,long,FquhtBP_ZsI,👉 Ti alleni tanto ma non dimagrisci? Il metabolismo spiegato semplice,overlay
AqilQKgausg,connected,long,FquhtBP_ZsI,👉 Ti alleni tanto ma non dimagrisci? Il metabolismo spiegato semplice,overlay
kNqudfl3vZQ,connected,long,ZxwzQhwONUY,Cerchi di mangiare più proteine? Costruisci i piatti così,overlay
Md0WsGkp6xc,connected,long,ZxwzQhwONUY,Cerchi di mangiare più proteine? Costruisci i piatti così,overlay
k67XG8PDws4,connected,long,J7v9VMiXvdw,7 Colazioni fit e bilanciate in meno di 10 minuti! | Proteiche e veloci 🥣🍞,overlay
BTnOwRY7RDA,connected,long,xQj7Xg4Z16w,Mangia questi cibi insieme: 3 abbinamenti che migliorano i tuoi pasti,overlay
y78D7hoLFao,connected,long,_3M7D30kGQ4,3 schiscette invernali vegetariane 🥬,overlay
JGGlaEuvmoM,connected,long,9ND9c0of2RE,🎃 Zucca a dieta: sì o no? 3 ricette sane e proteiche,overlay
CgpJTFr6-lk,connected,long,xQj7Xg4Z16w,Mangia questi cibi insieme: 3 abbinamenti che migliorano i tuoi pasti,overlay
wzTcJFl7c7Q,connected,long,xQj7Xg4Z16w,Mangia questi cibi insieme: 3 abbinamenti che migliorano i tuoi pasti,overlay
cOGl3DaDo_E,connected,long,ni3RnLvJ2qg,10 Cibi che NON sapevi di poter congelare - Il video che ti salva il frigo prima di ogni viaggio,overlay
KJ6nRVfX7o8,connected,long,xyV6nHx9_HU,"Semi di Chia: Proprietà, Benefici e 3 Ricette Facilissime",overlay
5h2RqTKND3g,connected,long,ni3RnLvJ2qg,10 Cibi che NON sapevi di poter congelare - Il video che ti salva il frigo prima di ogni viaggio,overlay
jryrZztXzDo,connected,long,xyV6nHx9_HU,"Semi di Chia: Proprietà, Benefici e 3 Ricette Facilissime",overlay
LuI_6ADxu7Q,connected,long,9ND9c0of2RE,🎃 Zucca a dieta: sì o no? 3 ricette sane e proteiche,overlay
VnQGBXnz5sI,connected,long,9ND9c0of2RE,🎃 Zucca a dieta: sì o no? 3 ricette sane e proteiche,overlay
DsdpfTfCfuo,connected,long,c1wfwhs1M5k,Come Cuocere le Castagne Perfette a Casa 🍁 | 3 Metodi + 1 Esperimento!,overlay
jS8DT4NbNMQ,connected,long,J7v9VMiXvdw,7 Colazioni fit e bilanciate in meno di 10 minuti! | Proteiche e veloci 🥣🍞,overlay
ou86hwigOqE,connected,long,LMkdiS_UGKA,3 modi per mangiare più legumi (senza gonfiarti!) | Ricette sane e bilanciate,overlay
j3TbaoOldSk,connected,long,9ND9c0of2RE,🎃 Zucca a dieta: sì o no? 3 ricette sane e proteiche,overlay
72oZG0CdbL8,connected,long,63bIbNYeoyM,🔥 36 MINUTI DI FUOCO PER LE GAMBE 🔥,overlay
1XmKV_nFiZQ,connected,long,9ND9c0of2RE,🎃 Zucca a dieta: sì o no? 3 ricette sane e proteiche,overlay
LjSJft5xYGI,connected,long,9ND9c0of2RE,🎃 Zucca a dieta: sì o no? 3 ricette sane e proteiche,overlay
a-3ZvqKfIWI,connected,long,i7ue844sjOo,3 ricette autunnali e bilanciate sotto le 600 kcal | Facili e perfette per restare in forma 🍂,overlay
c8wRwCftsrg,connected,long,LMkdiS_UGKA,3 modi per mangiare più legumi (senza gonfiarti!) | Ricette sane e bilanciate,overlay
PZrRX_Oc7bQ,connected,long,Ae5-ZEE4IHg,3 Ricette Facili e Gustose con la Zucca | Cotto al Dente,overlay
oxbqF6J8ojw,connected,long,ni3RnLvJ2qg,10 Cibi che NON sapevi di poter congelare - Il video che ti salva il frigo prima di ogni viaggio,overlay
T97mgWM9EjI,connected,long,ni3RnLvJ2qg,10 Cibi che NON sapevi di poter congelare - Il video che ti salva il frigo prima di ogni viaggio,overlay
oTPLTrmSAIU,connected,long,INkZpAWvnqE,Come sgonfiare la pancia: 3 Ricette low FODMAP,overlay
_nbugG1_7js,connected,long,J7v9VMiXvdw,7 Colazioni fit e bilanciate in meno di 10 minuti! | Proteiche e veloci 🥣🍞,overlay
i8_oJi9AIOE,connected,long,J7v9VMiXvdw,7 Colazioni fit e bilanciate in meno di 10 minuti! | Proteiche e veloci 🥣🍞,overlay
WHAI6D3qtOc,connected,long,J7v9VMiXvdw,7 Colazioni fit e bilanciate in meno di 10 minuti! | Proteiche e veloci 🥣🍞,overlay
WfwIs0QgvBE,connected,long,zY5McRUVu7E,3 Insalate Light e sazianti per restare in forma in autunno,overlay
QagAke1Z9u4,connected,long,xOCtsMXlTzw,"5 Colazioni sane, Fit e veloci 💪🏼",overlay
58zT2CvNtEs,connected,long,kND40AYaqNA,🍴 Digiuno Intermittente: funziona davvero? I consigli della nutrizionista,overlay
E59ZRmSUtNw,connected,long,DV_WMjSpBUE,3 PASTI BILANCIATI SOTTO LE 600 KCAL | Facili e perfetti per la dieta! 🥗🔥,overlay
mh9aVYdtGkg,connected,long,xOCtsMXlTzw,"5 Colazioni sane, Fit e veloci 💪🏼",overlay
sIgUYFRD9pE,connected,long,wnmfWN_Qnms,"Vitamina D: Come Integrarla, Benefici e Miti da Sfatare | Parla l’Esperto",overlay
A6jkAHP7ncM,connected,long,eRMzD00sHEY,"Caffeina: Benefici, Falsi Miti e Alternative naturali",overlay
SMRY6WOwvLs,connected,long,J7v9VMiXvdw,7 Colazioni fit e bilanciate in meno di 10 minuti! | Proteiche e veloci 🥣🍞,overlay
QSK2fmOaWOU,connected,long,wnmfWN_Qnms,"Vitamina D: Come Integrarla, Benefici e Miti da Sfatare | Parla l’Esperto",overlay
krRGfuUkeTY,connected,long,vh01_l1bnss,3 Ricette sane sotto i 3€ | Cotto al Dente,overlay
7SlqNybUUe0,connected,long,vh01_l1bnss,3 Ricette sane sotto i 3€ | Cotto al Dente,overlay
3KqZFs9c5RM,connected,long,fl-1Nz8pn5M,Ritenzione idrica: cosa fare subito per sgonfiarti davvero,overlay
WUpFlVRv74I,connected,long,fl-1Nz8pn5M,Ritenzione idrica: cosa fare subito per sgonfiarti davvero,overlay
QluwgQkfxwg,connected,long,Aat3_xXRzyU,7 Spuntini sani e veloci | Ricette Fit in meno di 10 minuti,overlay
JUL1CUj6I8M,connected,long,jy-fnIGaelM,Cous cous: 3 ricette complete per i tuoi pasti Fit,overlay
UrQP5HlQBWQ,connected,long,ni3RnLvJ2qg,10 Cibi che NON sapevi di poter congelare - Il video che ti salva il frigo prima di ogni viaggio,overlay
eZoyVUS05vk,connected,long,Aat3_xXRzyU,7 Spuntini sani e veloci | Ricette Fit in meno di 10 minuti,overlay
B5dzYON9bTA,connected,long,Aat3_xXRzyU,7 Spuntini sani e veloci | Ricette Fit in meno di 10 minuti,overlay
bUVNdQbKk4g,connected,long,ni3RnLvJ2qg,10 Cibi che NON sapevi di poter congelare - Il video che ti salva il frigo prima di ogni viaggio,overlay
ZL8yn3H2bew,connected,long,TNyA-4OEqtg,"Alimentazione funzionale: cosa mangiare, quando e perché",overlay
R4EI8PkdJcg,connected,long,jy-fnIGaelM,Cous cous: 3 ricette complete per i tuoi pasti Fit,overlay
PwrgrpP3GNw,connected,long,jy-fnIGaelM,Cous cous: 3 ricette complete per i tuoi pasti Fit,overlay
gZHjuQL8Ky4,connected,long,jy-fnIGaelM,Cous cous: 3 ricette complete per i tuoi pasti Fit,overlay
mYvUYw8M0rU,connected,long,Opg-KNS6MfI,5 Pasti estivi sani e bilanciati - ricette facili e veloci,overlay
U4206s5Jpm0,connected,long,jy-fnIGaelM,Cous cous: 3 ricette complete per i tuoi pasti Fit,overlay
U7DZs6RQV-M,connected,long,Opg-KNS6MfI,5 Pasti estivi sani e bilanciati - ricette facili e veloci,overlay
K8ZLjPNbswg,connected,long,Opg-KNS6MfI,5 Pasti estivi sani e bilanciati - ricette facili e veloci,overlay
O2i8P8VaB3U,connected,long,9PVnoh4LmmY,Meal Prep Mediterraneo: 🍅 cuciniamo insieme i pasti della settimana seguendo la dieta mediterranea,overlay
RBO1NSuQkT4,connected,long,9PVnoh4LmmY,Meal Prep Mediterraneo: 🍅 cuciniamo insieme i pasti della settimana seguendo la dieta mediterranea,overlay
WUvB4XNRjFc,connected,long,y3MKwqn_uO0,🧂 COME RIDURRE IL SALE A TAVOLA | 3 Ricette gustose e sane,overlay
9Her3BUxkMw,connected,long,J7v9VMiXvdw,7 Colazioni fit e bilanciate in meno di 10 minuti! | Proteiche e veloci 🥣🍞,overlay
tKuT7QeEJ5E,connected,long,9PVnoh4LmmY,Meal Prep Mediterraneo: 🍅 cuciniamo insieme i pasti della settimana seguendo la dieta mediterranea,overlay
fCiE4UpVxGc,connected,long,fl-1Nz8pn5M,Ritenzione idrica: cosa fare subito per sgonfiarti davvero,overlay
_1qJFjIDnLE,connected,long,fl-1Nz8pn5M,Ritenzione idrica: cosa fare subito per sgonfiarti davvero,overlay
SKoZnL9HPFI,connected,long,fl-1Nz8pn5M,Ritenzione idrica: cosa fare subito per sgonfiarti davvero,overlay
59tjH89DU7o,connected,long,RsWyr3tLvQE,5 pranzi fit e bilanciati per tutti i giorni 🍽️ | Proteici e veloci  😋,overlay
3F4-Fk5GLqQ,connected,long,g1vnkvmaADM,Sprechi cibo OGNI GIORNO (e non te ne accorgi) - come ridurre gli sprechi e risparmiare,overlay
cVacZD-CNAs,connected,long,g1vnkvmaADM,Sprechi cibo OGNI GIORNO (e non te ne accorgi) - come ridurre gli sprechi e risparmiare,overlay
BctPOZx7ol8,connected,long,moiXIYyHCnc,🎯 ALLENAMENTO CARDIO HIIT A CORPO LIBERO – 45 MINUTI DI INTENSITÀ!| Cotto al Dente,overlay
FenzK0CXnI4,connected,long,moiXIYyHCnc,🎯 ALLENAMENTO CARDIO HIIT A CORPO LIBERO – 45 MINUTI DI INTENSITÀ!| Cotto al Dente,overlay
rtUZc2Iaco0,connected,long,A7-yXYsAjmA,Addio pancia gonfia! 🥗 Ecco cosa mangio in un giorno per non gonfiarmi,overlay
m--iOiKkfLk,connected,long,QTaChFXIPdQ,Piadina proteica allo yogurt 🌮,overlay
2Ivtbo7X5qM,connected,long,QTaChFXIPdQ,Piadina proteica allo yogurt 🌮,overlay
5shtxTmVmy0,connected,long,yxNhDSwmK5E,4 Schiscette facili in friggitrice ad aria 🔥 | 3 Pranzi Sani + 1 Merenda Golosa 🍎,overlay
USQRufaX1QQ,connected,long,yxF42x04w1o,🔥 5 ERRORI che STANNO ROVINANDO la tua DIETA! 🔥,overlay
TBMl2EuE6AU,connected,long,J7v9VMiXvdw,7 Colazioni fit e bilanciate in meno di 10 minuti! | Proteiche e veloci 🥣🍞,overlay
kkLgqss6atA,connected,long,PZEnZyNT9G8,Meal Prep: 10 pasti sani in 1 Ora 🕒 | Ricette veloci per la settimana,overlay
xA-cdTunYOM,connected,long,PZEnZyNT9G8,Meal Prep: 10 pasti sani in 1 Ora 🕒 | Ricette veloci per la settimana,overlay
tCmqOsOlQ30,connected,long,J7v9VMiXvdw,7 Colazioni fit e bilanciate in meno di 10 minuti! | Proteiche e veloci 🥣🍞,overlay
WyZbHKmWNko,connected,long,J7v9VMiXvdw,7 Colazioni fit e bilanciate in meno di 10 minuti! | Proteiche e veloci 🥣🍞,overlay
BEcpD5u2Ao8,connected,long,pPP13-NMTjw,🥦 100G DI PROTEINE CON UNA DIETA VEGANA! 🌱💪,overlay
0PUaJAVuAUc,connected,long,pPP13-NMTjw,🥦 100G DI PROTEINE CON UNA DIETA VEGANA! 🌱💪,overlay
NKyeOu6RD14,connected,long,yxF42x04w1o,🔥 5 ERRORI che STANNO ROVINANDO la tua DIETA! 🔥,overlay
4Us8TTyrUgk,connected,long,pPP13-NMTjw,🥦 100G DI PROTEINE CON UNA DIETA VEGANA! 🌱💪,overlay
I8PaFvaRGSY,connected,long,yxF42x04w1o,🔥 5 ERRORI che STANNO ROVINANDO la tua DIETA! 🔥,overlay
_3KKeoog4Lg,connected,long,yxF42x04w1o,🔥 5 ERRORI che STANNO ROVINANDO la tua DIETA! 🔥,overlay
pHsUXk17A_w,connected,long,ssKZeOp7dM4,3 Sughi bilanciati per la pasta – Facili e perfetti anche per la dieta!,overlay
qTGoxZIpTf8,connected,long,gFCPDAP3hpU,📢 Pancia gonfia? Cause e Rimedi Efficaci | COTTO TALKS,overlay
zQKL0Ydiv8c,connected,long,ssKZeOp7dM4,3 Sughi bilanciati per la pasta – Facili e perfetti anche per la dieta!,overlay
eBzx7bUiwVo,connected,long,ssKZeOp7dM4,3 Sughi bilanciati per la pasta – Facili e perfetti anche per la dieta!,overlay
Dm99Ljtt2K0,connected,long,DV_WMjSpBUE,3 PASTI BILANCIATI SOTTO LE 600 KCAL | Facili e perfetti per la dieta! 🥗🔥,overlay
ukdWz65Ozic,connected,long,DXoROi4SDGY,🍕 PIZZA DI ZUCCA | Versione leggera e gustosa | Cotto al Dente 🎃,overlay
dvvhK7KLkjE,connected,long,DXoROi4SDGY,🍕 PIZZA DI ZUCCA | Versione leggera e gustosa | Cotto al Dente 🎃,overlay
91GTRp4oY3s,connected,long,YA1JRppJzxY,COSA MANGIO IN UN GIORNO | 120g di Proteine per Costruire Massa Magra e Restare in Forma 💪,overlay
3QvPgaaiLI8,connected,long,h8D0BnpJGhs,💪 PHA MUSCOLARE | Allenamento Full Body di 45 Minuti,overlay
BxOqlgvIAe0,connected,long,YA1JRppJzxY,COSA MANGIO IN UN GIORNO | 120g di Proteine per Costruire Massa Magra e Restare in Forma 💪,overlay
UB7pJQGp90g,connected,long,YA1JRppJzxY,COSA MANGIO IN UN GIORNO | 120g di Proteine per Costruire Massa Magra e Restare in Forma 💪,overlay
xY0BbUeCt84,connected,long,YA1JRppJzxY,COSA MANGIO IN UN GIORNO | 120g di Proteine per Costruire Massa Magra e Restare in Forma 💪,overlay
tqz9fQCoPzg,connected,long,YA1JRppJzxY,COSA MANGIO IN UN GIORNO | 120g di Proteine per Costruire Massa Magra e Restare in Forma 💪,overlay
iTS1LufBtvI,connected,long,5nRJ8MJbBJE,Allenamento CrossFit con manubri da fare a casa | 50 Minuti di Full Body workout intenso,overlay
9dNaIlObma4,connected,long,KNuE8zCiETY,GAMBERI IN CROSTA DI COCCO| Cotto al Dente,overlay
IggVoLmO1bM,connected,long,0xPFeKTzZlA,🥣 3 Vellutate invernali vegane e golose | Ricette calde per le giornate fredde ❄️,overlay
UjzRXJuVQ88,connected,long,efc-ivhxuIA,"🌬️ Stress e respiro | Con Mike Maric, campione mondiale di apnea 🏆",overlay
OrHBlXPG34Q,connected,long,GqC2P4my6kA,Mobilità e Flessibilità: perché sono importanti - ne parliamo con l'Osteopata | Cotto al Dente,overlay
x2GHXpFWL98,connected,long,378RctSJh_w,"🍔 Burger di nasello e spinaci: leggeri, gustosi e super facili da preparare! | Cotto al Dente",overlay
VAYSjcw3TEk,connected,long,GqC2P4my6kA,Mobilità e Flessibilità: perché sono importanti - ne parliamo con l'Osteopata | Cotto al Dente,overlay
wSyyKXKYJJI,connected,long,378RctSJh_w,"🍔 Burger di nasello e spinaci: leggeri, gustosi e super facili da preparare! | Cotto al Dente",overlay
zNpecpciPDQ,connected,long,5nRJ8MJbBJE,Allenamento CrossFit con manubri da fare a casa | 50 Minuti di Full Body workout intenso,overlay
U7gHOL0MOI0,connected,long,eu9B73cpmEs,Torta cioccolato e avena | Cotto al Dente,overlay
533tSNVmgNE,connected,long,1PhZkpRelYo,Come fare la QUINOA croccante: Il segreto per un piatto sano e delizioso! 🥗✨ | Cotto al Dente,overlay
Eoh9gMPXH8U,connected,long,g1yzbeQP7d8,GRANOLA CROCCANTE HOMEMADE: forno vs essiccatore 🍯 | Cotto al Dente,overlay
7xTEBsxWAaU,connected,long,0Nu4tfBRJ64,Salmone in crosta di patate 🥔 con cavoletti di Bruxelles e melograno 🌱✨ | Ricetta di Stagione 🍁,overlay
UJ6E9pXeGhs,connected,long,BswgU4E7vFc,Se hai una friggitrice ad aria devi provare questa colazione - YOGURT TOAST | Cotto al Dente,overlay
RsnJa3T6tyY,connected,long,iTZ1rKkniJc,"Alimentazione Vegana per sportivi: proteine, carenze e falsi miti 💪🏼",overlay
uBlRIfYckO4,connected,long,TcSA9n4wchc,FETA AL MIELE AL FORNO | Cotto al Dente,overlay
q6BwTAkPWMI,connected,long,nOd8P5u84tg,🎄✨ Ricette Fit per il Menù delle Feste! ✨🎄 | Cotto al Dente,overlay
qUvYcIBe-V0,connected,long,Kh7EOADGSgw,No-bake chocolate cheesecake,overlay
kug5vpm3Mnk,connected,long,VjETsn4yCcA,"MENU DI ZUCCA - Primo, secondo e dolce 🎃 | Cotto al Dente",overlay
uDvP1umpiCg,connected,long,c1wfwhs1M5k,Come Cuocere le Castagne Perfette a Casa 🍁 | 3 Metodi + 1 Esperimento!,overlay
5EfhZRwMJyA,connected,long,BnD9KKTx_Zk,SPINACI E UOVA | Cotto al Dente,overlay
8VZi28pE4I0,connected,long,Goiw6-mQqJk,How to cook chickpeas - tutorial and tips | Cotto al Dente,overlay
PSAk7CcPC8U,connected,long,VtF3VaXqf0U,I carboidrati fanno ingrassare? Scopri la verità sul ruolo dei carboidrati nella dieta!,overlay
Nmszv_9m4rI,connected,long,yMaL_fB0RJc,Come cucinare il tofu: ricette e segreti per renderlo delizioso | Cotto al Dente,overlay
P9T5awUwLH8,connected,long,c1wfwhs1M5k,Come Cuocere le Castagne Perfette a Casa 🍁 | 3 Metodi + 1 Esperimento!,overlay
ZsmmlRgsKqY,connected,long,5TJFLRBWEhQ,POKE BOWLS - ecco come farle a casa | Cotto al Dente,overlay
hZLy8Y10C00,connected,long,1PhZkpRelYo,Come fare la QUINOA croccante: Il segreto per un piatto sano e delizioso! 🥗✨ | Cotto al Dente,overlay
APbCsEHudGM,connected,long,vJGT9ztae1w,Foamy yogurt cake,overlay
Tp2BI27czKA,connected,long,WibLr5KEPBI,Pizza liquida senza impasto: La ricetta più facile e veloce! | Cotto al Dente,overlay
ikIod0dnZnA,connected,long,irVtFoQnfHk,Blueberry chia pudding,overlay
lrlO46LWhX0,connected,long,yLhP2HuEj2Y,Salmon burger - easy recipe,overlay
pzfVYpiXDjo,connected,long,R-pVUmf0BAI,Gnocchi di pomodoro | Cotto al Dente,overlay
Oe4Vqby7dXY,connected,long,6X28cRwA2LI,💥 Allenamento MUSCLE HIIT Total Body | Live workout del 28 ottobre | Brucia e tonifica,overlay
KE_1Bz3XlNM,connected,long,6EbFPT524L8,PERCHE' MANGIARE CIOCCOLATO | Cotto al Dente,overlay
mKOzpc6guis,connected,long,UoX-Rn1Pdso,Ma lo zucchero fa male? Scopri gli effetti sul corpo e sulla salute | Cotto al dente,overlay
d4n4naJizk8,connected,long,Ae5-ZEE4IHg,3 Ricette Facili e Gustose con la Zucca | Cotto al Dente,overlay
9NPS_7n3510,connected,long,Ae5-ZEE4IHg,3 Ricette Facili e Gustose con la Zucca | Cotto al Dente,overlay
CcD1a3EQVkw,connected,long,Ae5-ZEE4IHg,3 Ricette Facili e Gustose con la Zucca | Cotto al Dente,overlay
1gZg5fibIvA,connected,long,Goiw6-mQqJk,How to cook chickpeas - tutorial and tips | Cotto al Dente,overlay
XZ23P3pu8ZY,connected,long,nMwwrc8ddFA,CREPES SPINACI E SALMONE | Cotto al Dente,overlay
69vaZoBTnHQ,connected,long,0PWke9PDciQ,Tiramisu porridge - fit breakfast for a sweet tooth,overlay
15X3IuhHUCU,connected,long,WJQ_1mO4I9E,Green gnocchi with prawns - easy recipe,overlay
fM27ojqN96U,connected,long,ZY3151zuvQA,"Come dormire meglio: consigli, posizioni, ore di Sonno e integratori ➡️ cosa devi sapere 🌙",overlay
aS8TC9odB_E,connected,long,1PhZkpRelYo,Come fare la QUINOA croccante: Il segreto per un piatto sano e delizioso! 🥗✨ | Cotto al Dente,overlay
nokzWwzfr6Q,connected,long,C1GNtl5fk4E,Come fare la ricotta di soia | Ricetta vegana facile e veloce,overlay
b7dCs9FvE_0,connected,long,oj0NhRedzzY,Crêpe 1 solo ingrediente: Senza farina e super light! | Ricetta facile e veloce 🥞✨,overlay
6S81dl3B4B8,connected,long,KlSY7FUbOGo,Spacca Addome: Allenamento per Addominali in 10 Minuti! 🔥 | Cotto al Dente,overlay
OAaq3pwjSyo,connected,long,1PhZkpRelYo,Come fare la QUINOA croccante: Il segreto per un piatto sano e delizioso! 🥗✨ | Cotto al Dente,overlay
Ud9l2dD8614,connected,long,97cdLnGnLeU,Come fare il gomasio in casa | La ricetta facile per un condimento salutare,overlay
idQ5gL0GABc,connected,long,ESP0SS_bDKA,Meal Prep Facile e Flessibile: come organizzare i pasti senza stress! | Cotto al Dente,overlay
0rQnHD-2SfY,connected,long,Jab8mFkB1To,Allenamento HIIT TABATA 20 Minuti - Esercizi con e senza Pesi | Cotto al Dente,overlay
ZpGSGd5Dr60,connected,long,oj0NhRedzzY,Crêpe 1 solo ingrediente: Senza farina e super light! | Ricetta facile e veloce 🥞✨,overlay
kgDjjszRwbU,connected,long,ESP0SS_bDKA,Meal Prep Facile e Flessibile: come organizzare i pasti senza stress! | Cotto al Dente,overlay
PcNIVt4UXMg,connected,long,yLhP2HuEj2Y,Salmon burger - easy recipe,overlay
YT37VrS7GHg,connected,long,oj0NhRedzzY,Crêpe 1 solo ingrediente: Senza farina e super light! | Ricetta facile e veloce 🥞✨,overlay
AXvcG0fU6co,connected,long,Jab8mFkB1To,Allenamento HIIT TABATA 20 Minuti - Esercizi con e senza Pesi | Cotto al Dente,overlay
I16HeqTYPa0,connected,long,CQglMJ-wnQA,AVOCADO: Tutto quello che si deve sapere + 2 RICETTE SUPER HEALTHY | Cotto al Dente,overlay
pD4Ui71o69U,connected,long,N5O43kEt8b4,Conversione dei Cereali: Dal Peso Crudo al Cotto | Guida Pratica e Precisa,overlay
tORGY5V89Jc,connected,long,oj0NhRedzzY,Crêpe 1 solo ingrediente: Senza farina e super light! | Ricetta facile e veloce 🥞✨,overlay
qhP3Uz2v5Vc,connected,long,0gdy9DP-i9k,Integrazione per il runner: guida completa | Cotto al Dente,overlay
l6qwADP7TA0,connected,long,s3uMHlYQDSE,Tortino di Cachi e Cioccolato: La Ricetta Semplice con SOLO 2 Ingredienti! 🍫✨,overlay
kWkZhT2YBvA,connected,long,JIiEpOt7a-8,Vegetable Pad Thai - easy recipe,overlay
e7MgOD1ErBA,connected,long,YhuZEAJ_Q3s,5 modi creativi per cucinare le uova | Ricette facili e consigli | Cotto al Dente,overlay
o_QtZ-jS2Ss,connected,long,GxGQM-HNYPM,PORRIDGE BANANA E BURRO DI ARACHIDI| Cotto al Dente,overlay
n4LGzsxQeh0,connected,long,01M8XY5kNKc,FICHI RIPIENI DI PESCE SPADA| Cotto al Dente,overlay
L-fsxztw9A0,connected,long,jB4yYSuIz38,3 tipi di FISH BURGER | Cotto al Dente,overlay
AVj0Ttd8DxI,connected,long,GiplYma8n8Q,BURRO DI ARACHIDI - come farlo in casa | Cotto al Dente,overlay
WA0W6PW1BXc,connected,long,R-pVUmf0BAI,Gnocchi di pomodoro | Cotto al Dente,overlay
Yi9z3CLf-Zo,connected,long,t4_tdPRSwpE,PIZZA DI QUINOA| Cotto al Dente,overlay
MPpGltQU1i0,connected,long,nxaHUlA_m0g,Gelato al cocco e lamponi | Cotto al Dente,overlay
Yf83NZN1teY,connected,long,gAW1TdTqktM,SPUMA AL CAFFE' | Cotto al Dente,overlay
USfZ6PH_6_Q,connected,long,q22M2QaCYt4,NOODLES with sesame,overlay
YxiF_Ohvhfo,connected,long,KNuE8zCiETY,GAMBERI IN CROSTA DI COCCO| Cotto al Dente,overlay
ndLBah4-kWY,connected,long,Nca8sD-W0NU,Gelato avocado e cioccolato | Cotto al Dente,overlay
k_JyCUPUQ40,connected,long,tc7uxyWi9mk,CHEESECAKE TIRAMISÙ Light allo Yogurt Greco - Proteica e Golosa,overlay
3c-Fl-xws_Q,connected,long,bIbAOrCJKVU,Tutorial marmellata proteica con semi di chia | Cotto al Dente,overlay
tL58qeF4ESk,connected,long,k_UucZ4ZNZ4,10 Minuti Challenge 2024 | Cotto al Dente,overlay
g6JLDk2E_SU,connected,long,S8lkO9DUq68,Brownie di fagioli | Cotto al Dente,overlay
Mp830hGqCxo,connected,long,loRKp8CP2rs,Ricotta di Mandorle Vegana: Come Prepararla Facile e Gustosa 🌱,overlay
Z0uXstxy88k,connected,long,JIiEpOt7a-8,Vegetable Pad Thai - easy recipe,overlay
Fpp_dljzgcI,connected,long,6EbFPT524L8,PERCHE' MANGIARE CIOCCOLATO | Cotto al Dente,overlay
wUmzsUakMjM,connected,long,60xACCx9kDk,Skinny chocolate cake | Cotto al Dente,overlay
erzA2NMFw_M,connected,long,KrzJlgUyvPM,HUMMUS AL PESTO | Cotto al Dente,overlay
Zro1tivFSKY,connected,long,Sv1tHKtDngI,Red berry Protein ice-cream | Cotto al Dente,overlay
z5ESCdAFrHo,connected,long,S30s8ThVHk8,5 MODI PER...Sostituire lo zucchero| Cotto al Dente,overlay
DWeFSYmojHo,connected,long,h1HHIHQ67-I,Lentil PIZZA - gluten free and very crunchy,overlay
siPDy7pdCHs,connected,long,S_Y-JW6Ba6A,PASTA AL RAGU' DI MARE| Cotto al Dente,overlay
lvBBJCgYfbc,connected,long,GMBE0bfZTjc,13. PHA NO JUMP | Cotto al Dente,overlay
OXbPeKWu6pk,connected,long,S_Y-JW6Ba6A,PASTA AL RAGU' DI MARE| Cotto al Dente,overlay
3yYcheNIXdw,connected,long,BswgU4E7vFc,Se hai una friggitrice ad aria devi provare questa colazione - YOGURT TOAST | Cotto al Dente,overlay
IUTFvhFLTzM,connected,long,YhuZEAJ_Q3s,5 modi creativi per cucinare le uova | Ricette facili e consigli | Cotto al Dente,overlay
tNYMiC1yCCM,connected,long,AjoeSwaXCwM,VEGAN desserts - how to make your sweet recipes vegan,overlay
dmlmXAwn8yk,connected,long,vJGT9ztae1w,Foamy yogurt cake,overlay
vgG8-ywyono,connected,long,JIiEpOt7a-8,Vegetable Pad Thai - easy recipe,overlay
r1idEcmwuto,connected,long,wF_7TGMCsrs,Piadina sandwich | Cotto al Dente,overlay
7g-CihrWm88,connected,long,YhuZEAJ_Q3s,5 modi creativi per cucinare le uova | Ricette facili e consigli | Cotto al Dente,overlay
W3PHX1fY9LM,connected,long,AjoeSwaXCwM,VEGAN desserts - how to make your sweet recipes vegan,overlay
ZGhWUkX_61Y,connected,long,cJW0C5epJt4,calamarata di piselli | Cotto al Dente,overlay
AHw03G5G2-M,connected,long,N8qqElvbXkQ,Quiche without butter and without milk - you'll want to make it every day,overlay
o9Frt8So8vA,connected,long,E1jnY9Ot5eo,Dips and dressings - here are 4 recipes to flavor your salads,overlay
IGRH0X0Tvq0,connected,long,fSc44xmBwl4,ZUCCHINE RIPIENE CON GAMBERI E CECI | Cotto al Dente,overlay
NmEfIyd2uB0,connected,long,KNbwTSkZDUo,Spaghetti with avocado and asparagus pesto - super easy recipe | Cotto al Dente,overlay
yjQjx-7OUEk,connected,long,f45xjPyFHx0,Gazpacho fragole e mazzancolle al miele | Cotto al Dente,overlay
kR6JCM7L6aY,connected,long,Goiw6-mQqJk,How to cook chickpeas - tutorial and tips | Cotto al Dente,overlay
htPUXwb-f5c,connected,long,RLH8hCU7v4E,Zucchini protein pizza - 60 kcal per slice,overlay
K97f6m4GNC4,connected,long,BnD9KKTx_Zk,SPINACI E UOVA | Cotto al Dente,overlay
xfjgYJiPfZk,connected,long,S_Y-JW6Ba6A,PASTA AL RAGU' DI MARE| Cotto al Dente,overlay
AUieIIS4PB8,connected,long,kzQ-E7BGNmw,5 modi creativi per cucinare la quinoa | Ricette originali e facili | Cotto al Dente,overlay
GzCtuE3q1dI,connected,long,y6NCB8c0SGE,Due risotti da provare: pistacchi e pomodorini confit + baccalà e pomodoro,overlay
3_3NEfh4SMI,connected,long,pJ8LoT32MYw,CRÊPE DI LENTICCHIE 🌱 SENZA FARINA | Cotto al Dente,overlay
MbRumJ87Cgk,connected,long,tc7uxyWi9mk,CHEESECAKE TIRAMISÙ Light allo Yogurt Greco - Proteica e Golosa,overlay
zfueKPcF9PI,connected,long,opcpgMsJ_7k,GAMBE&GLUTEI| Cotto al Dente,overlay
cHQUD23q5PQ,connected,long,GiplYma8n8Q,BURRO DI ARACHIDI - come farlo in casa | Cotto al Dente,overlay
h7mW5W8uiyw,connected,long,kky-4y_INaw,SPACCATO SCHIENA SU SCI 🎿,overlay
uUG-z1AjbcM,connected,long,TXyqVOgHHW4,LITIGHIAMO CON TUTTI SU OMEGLE 🥊 - con @LolloBarollo1 ,overlay
dDA4su-Zo0Y,connected,long,xspdeUfc6pg,CALENDARIO DELL'AVVENTO MAYBELLINE 2024 🎁,overlay
_LxhHdbyRKI,connected,short,lJsv8YLEC2c,casella 22 dicembre ⭐️ Calendario Avvento Vogue #calendarioavvento,overlay
gZn_RGWb43U,connected,long,XWjuEbxpi6M,+ 500€ SCAMBIO REGALI CON LA MIA MIGLIORE AMICA 😍 SWAP NATALE 2023 w/ @DeboraFulli  💘,overlay
hLpkC1Rluos,connected,short,NzU9sIae8dU,Calendario dell’Avvento di VOGUE 😌🎄 giorno 4 #calendarioavvento #vogue #adventcalendar #shorts,overlay
CTYOk6ah-_4,connected,long,SdVsydw4UtA,VOLO A LONDRA PER UN CALENDARIO DELL'AVVENTO !! 😱 🇬🇧,overlay
GA5mwaY8Z0s,connected,long,SdVsydw4UtA,VOLO A LONDRA PER UN CALENDARIO DELL'AVVENTO !! 😱 🇬🇧,overlay
E6HGe0FpSNM,connected,short,hLhG1FDAX1Y,le sorelle maggiori mi capiranno...,overlay
RVBe4r9W3NQ,connected,short,6RPlPr4V530,I NIENTE DI CHE - l’uovo di Pasqua,overlay
uEnD868bBVw,connected,short,4mLsoFZ10NQ,FULL FACE CON I TRUCCHI ESSENCE x EMILY IN PARIS,overlay
SyqJ0PWFeoc,connected,long,PdePOSCfs_Q,PROVO TIKTOK SHOP COSI NON DEVI FARLO TU‼️🚨peró…,overlay
QvCb35nd_34,connected,long,pt9xw15a-og,NON LO AVEVO MAI FATTO!!🗑️❌ decluttering eyeshadow palette,overlay
g5fjTBzU-DI,connected,long,PdePOSCfs_Q,PROVO TIKTOK SHOP COSI NON DEVI FARLO TU‼️🚨peró…,overlay
LjeLe41flHA,connected,long,PdePOSCfs_Q,PROVO TIKTOK SHOP COSI NON DEVI FARLO TU‼️🚨peró…,overlay
hQ1bVUH4Muc,connected,long,PdePOSCfs_Q,PROVO TIKTOK SHOP COSI NON DEVI FARLO TU‼️🚨peró…,overlay
DoUu9qncick,connected,long,PdePOSCfs_Q,PROVO TIKTOK SHOP COSI NON DEVI FARLO TU‼️🚨peró…,overlay
fZ-ExmUimIA,connected,long,PdePOSCfs_Q,PROVO TIKTOK SHOP COSI NON DEVI FARLO TU‼️🚨peró…,overlay
RU9ttWYPugY,connected,long,PdePOSCfs_Q,PROVO TIKTOK SHOP COSI NON DEVI FARLO TU‼️🚨peró…,overlay
9KiQDuyJDi0,connected,long,7z5jpZTemhc,INSEGNO AD UNA MODELLA A TRUCCARSI ,overlay
0uHDs20vydU,connected,long,pt9xw15a-og,NON LO AVEVO MAI FATTO!!🗑️❌ decluttering eyeshadow palette,overlay
ZQleOC2Yonc,connected,long,7z5jpZTemhc,INSEGNO AD UNA MODELLA A TRUCCARSI ,overlay
rwax_5uO6Qs,connected,long,7z5jpZTemhc,INSEGNO AD UNA MODELLA A TRUCCARSI ,overlay
4hG5rFew8xc,connected,long,7z5jpZTemhc,INSEGNO AD UNA MODELLA A TRUCCARSI ,overlay
GLy7zpMDGlc,connected,long,7z5jpZTemhc,INSEGNO AD UNA MODELLA A TRUCCARSI ,overlay
PXEZHpXZc58,connected,long,7z5jpZTemhc,INSEGNO AD UNA MODELLA A TRUCCARSI ,overlay
_CBn9wy5PV0,connected,long,7z5jpZTemhc,INSEGNO AD UNA MODELLA A TRUCCARSI ,overlay
WcYkC5Clss4,connected,long,UdoiZvQeNWI,TOCCA AI FONDOTINTA E CORRETTORI 😭🗑️DECLUTTERING bello intenso…,overlay
PbVIMcAGIPU,connected,long,UdoiZvQeNWI,TOCCA AI FONDOTINTA E CORRETTORI 😭🗑️DECLUTTERING bello intenso…,overlay
rw5ctk1NZD4,connected,long,UdoiZvQeNWI,TOCCA AI FONDOTINTA E CORRETTORI 😭🗑️DECLUTTERING bello intenso…,overlay
iYm_tmt12KY,connected,long,UdoiZvQeNWI,TOCCA AI FONDOTINTA E CORRETTORI 😭🗑️DECLUTTERING bello intenso…,overlay
_EmTKQQ-kTw,connected,long,UdoiZvQeNWI,TOCCA AI FONDOTINTA E CORRETTORI 😭🗑️DECLUTTERING bello intenso…,overlay
EiR_r2mUITs,connected,long,UdoiZvQeNWI,TOCCA AI FONDOTINTA E CORRETTORI 😭🗑️DECLUTTERING bello intenso…,overlay
PrtTx8CG8AI,connected,long,UdoiZvQeNWI,TOCCA AI FONDOTINTA E CORRETTORI 😭🗑️DECLUTTERING bello intenso…,overlay
hzOKJnYSKaQ,connected,long,-LJBCC_Hdjc,IL MEGLIO DEL 2025🏆 li amo!!,overlay
8p_pjdKFZLc,connected,long,sFPZREIKQTw,HO BUTTATO TUTTI I BLUSH🗑️DECLUTTERING👋 ,overlay
97VyaAWiE9c,connected,long,sFPZREIKQTw,HO BUTTATO TUTTI I BLUSH🗑️DECLUTTERING👋 ,overlay
XXqQ3G1hPYw,connected,long,sFPZREIKQTw,HO BUTTATO TUTTI I BLUSH🗑️DECLUTTERING👋 ,overlay
deT7e5o21lA,connected,long,sFPZREIKQTw,HO BUTTATO TUTTI I BLUSH🗑️DECLUTTERING👋 ,overlay
gVBsdjk1U90,connected,long,sFPZREIKQTw,HO BUTTATO TUTTI I BLUSH🗑️DECLUTTERING👋 ,overlay
WnTQezq_wZ0,connected,long,sFPZREIKQTw,HO BUTTATO TUTTI I BLUSH🗑️DECLUTTERING👋 ,overlay
XT3Ivdqb4ug,connected,long,-LJBCC_Hdjc,IL MEGLIO DEL 2025🏆 li amo!!,overlay
OwMIh23MVwg,connected,long,-LJBCC_Hdjc,IL MEGLIO DEL 2025🏆 li amo!!,overlay
qMNZjsXGM6I,connected,long,-LJBCC_Hdjc,IL MEGLIO DEL 2025🏆 li amo!!,overlay
ADsrDkO8LS4,connected,long,-LJBCC_Hdjc,IL MEGLIO DEL 2025🏆 li amo!!,overlay
Iqj-8QdUXUo,connected,long,-LJBCC_Hdjc,IL MEGLIO DEL 2025🏆 li amo!!,overlay
5uwOvVY9FOY,connected,long,-LJBCC_Hdjc,IL MEGLIO DEL 2025🏆 li amo!!,overlay
EeXPW1XdxA8,connected,long,lNj-eZL0vC0,I TRUCCHI PIU ECONOMICI DEL MONDO 🫣🫣 #action a noi due!! ,overlay
qx2Ep6eo_Rw,connected,long,lNj-eZL0vC0,I TRUCCHI PIU ECONOMICI DEL MONDO 🫣🫣 #action a noi due!! ,overlay
xVYuVWCrpyM,connected,long,lNj-eZL0vC0,I TRUCCHI PIU ECONOMICI DEL MONDO 🫣🫣 #action a noi due!! ,overlay
yCoj2REPCJ8,connected,long,lNj-eZL0vC0,I TRUCCHI PIU ECONOMICI DEL MONDO 🫣🫣 #action a noi due!! ,overlay
ZWJ-MahV2gM,connected,long,lNj-eZL0vC0,I TRUCCHI PIU ECONOMICI DEL MONDO 🫣🫣 #action a noi due!! ,overlay
eVw0wHlRMps,connected,long,lNj-eZL0vC0,I TRUCCHI PIU ECONOMICI DEL MONDO 🫣🫣 #action a noi due!! ,overlay
EtXePYVsoiM,connected,long,wh9y7ij3ul4,💄COME TRUCCARSI A NATALE: makeup caldo facile e d’effetto 🎄 ,overlay
Cz6d7pWL9cY,connected,long,wh9y7ij3ul4,💄COME TRUCCARSI A NATALE: makeup caldo facile e d’effetto 🎄 ,overlay
mXBQHs6iksA,connected,long,wh9y7ij3ul4,💄COME TRUCCARSI A NATALE: makeup caldo facile e d’effetto 🎄 ,overlay
IkV6Gm_y9rQ,connected,long,wh9y7ij3ul4,💄COME TRUCCARSI A NATALE: makeup caldo facile e d’effetto 🎄 ,overlay
T20YWBq2Aic,connected,long,wh9y7ij3ul4,💄COME TRUCCARSI A NATALE: makeup caldo facile e d’effetto 🎄 ,overlay
C94EiZxtYm8,connected,long,wh9y7ij3ul4,💄COME TRUCCARSI A NATALE: makeup caldo facile e d’effetto 🎄 ,overlay
JLeUlCN3aGw,connected,long,wh9y7ij3ul4,💄COME TRUCCARSI A NATALE: makeup caldo facile e d’effetto 🎄 ,overlay
Tdx1D8YUOHk,connected,long,wh9y7ij3ul4,💄COME TRUCCARSI A NATALE: makeup caldo facile e d’effetto 🎄 ,overlay
7x9tRGpmimk,connected,long,wh9y7ij3ul4,💄COME TRUCCARSI A NATALE: makeup caldo facile e d’effetto 🎄 ,overlay
NcBPuhuYjbI,connected,long,-oWToPYP8kE,I ROSSETTI ROSSI CHE DURANO DI PIU💄 e perche mi piacciono ,overlay
f6SxDFHtdMg,connected,long,-oWToPYP8kE,I ROSSETTI ROSSI CHE DURANO DI PIU💄 e perche mi piacciono ,overlay
BKoCFqdRPtE,connected,long,-oWToPYP8kE,I ROSSETTI ROSSI CHE DURANO DI PIU💄 e perche mi piacciono ,overlay
jwD65B1ghjM,connected,long,-oWToPYP8kE,I ROSSETTI ROSSI CHE DURANO DI PIU💄 e perche mi piacciono ,overlay
BQWEkqPO_yg,connected,long,-oWToPYP8kE,I ROSSETTI ROSSI CHE DURANO DI PIU💄 e perche mi piacciono ,overlay
jXTA4SX3-ds,connected,long,-oWToPYP8kE,I ROSSETTI ROSSI CHE DURANO DI PIU💄 e perche mi piacciono ,overlay
TN_dfTNJYWQ,connected,long,Jued1yUXq8s,SHOPPING DA KIKO 🛍️ prendi 6 paghi 3 🤪,overlay
ml4H3nXsmEU,connected,long,Jued1yUXq8s,SHOPPING DA KIKO 🛍️ prendi 6 paghi 3 🤪,overlay
cERPFR7MIPs,connected,long,Jued1yUXq8s,SHOPPING DA KIKO 🛍️ prendi 6 paghi 3 🤪,overlay
v68PzYjk3ao,connected,long,Jued1yUXq8s,SHOPPING DA KIKO 🛍️ prendi 6 paghi 3 🤪,overlay
qdO73bkFlfg,connected,long,Jued1yUXq8s,SHOPPING DA KIKO 🛍️ prendi 6 paghi 3 🤪,overlay
qFyLy0lV4pQ,connected,long,Jued1yUXq8s,SHOPPING DA KIKO 🛍️ prendi 6 paghi 3 🤪,overlay
Mkg7JBWsVAE,connected,long,XquJe2C0AC8,A NOI DUE SEPHORA COLLECTION ⚔️😍😵‍💫cosa comprare e cosa lasciare in negozio,overlay
HwEioPTnjLY,connected,long,XquJe2C0AC8,A NOI DUE SEPHORA COLLECTION ⚔️😍😵‍💫cosa comprare e cosa lasciare in negozio,overlay
X94AQUXvnaE,connected,long,XquJe2C0AC8,A NOI DUE SEPHORA COLLECTION ⚔️😍😵‍💫cosa comprare e cosa lasciare in negozio,overlay
TbsoaIGodNw,connected,long,XquJe2C0AC8,A NOI DUE SEPHORA COLLECTION ⚔️😍😵‍💫cosa comprare e cosa lasciare in negozio,overlay
S-D7h6EpSJY,connected,long,XquJe2C0AC8,A NOI DUE SEPHORA COLLECTION ⚔️😍😵‍💫cosa comprare e cosa lasciare in negozio,overlay
jWZX1QFtLgM,connected,long,XquJe2C0AC8,A NOI DUE SEPHORA COLLECTION ⚔️😍😵‍💫cosa comprare e cosa lasciare in negozio,overlay
9z4_q5KL1oM,connected,long,R0uye3t5uhM,QUI NON SI SCHERZA🤯PROVO NOVITÀ MAKEUP INTERESSANTI ,overlay
KbKALLZ9vyI,connected,long,Lb-Zj1PAeCw,OK CHE COSTA POCO..PERÓ😑 calendario dell’avvento di Catrice,overlay
_nqJSXx_7UY,connected,long,Lb-Zj1PAeCw,OK CHE COSTA POCO..PERÓ😑 calendario dell’avvento di Catrice,overlay
zO0TWYBa6Gs,connected,long,Lb-Zj1PAeCw,OK CHE COSTA POCO..PERÓ😑 calendario dell’avvento di Catrice,overlay
ZZ6U4309Wig,connected,long,Lb-Zj1PAeCw,OK CHE COSTA POCO..PERÓ😑 calendario dell’avvento di Catrice,overlay
PQpMQXaiPDo,connected,long,Lb-Zj1PAeCw,OK CHE COSTA POCO..PERÓ😑 calendario dell’avvento di Catrice,overlay
YiKLaiy8p4s,connected,long,Lb-Zj1PAeCw,OK CHE COSTA POCO..PERÓ😑 calendario dell’avvento di Catrice,overlay
sR7juwYwoJQ,connected,long,Lb-Zj1PAeCw,OK CHE COSTA POCO..PERÓ😑 calendario dell’avvento di Catrice,overlay
1FqYs9cHsD4,connected,long,R0uye3t5uhM,QUI NON SI SCHERZA🤯PROVO NOVITÀ MAKEUP INTERESSANTI ,overlay
_IfFq4evdIg,connected,long,R0uye3t5uhM,QUI NON SI SCHERZA🤯PROVO NOVITÀ MAKEUP INTERESSANTI ,overlay
pK1SZKLFS7Y,connected,long,R0uye3t5uhM,QUI NON SI SCHERZA🤯PROVO NOVITÀ MAKEUP INTERESSANTI ,overlay
HJ3Qgp2fZYE,connected,long,R0uye3t5uhM,QUI NON SI SCHERZA🤯PROVO NOVITÀ MAKEUP INTERESSANTI ,overlay
yhGapftAsH4,connected,long,R0uye3t5uhM,QUI NON SI SCHERZA🤯PROVO NOVITÀ MAKEUP INTERESSANTI ,overlay
w778Xf_UvQg,connected,long,R0uye3t5uhM,QUI NON SI SCHERZA🤯PROVO NOVITÀ MAKEUP INTERESSANTI ,overlay
sSyw_-WGCAA,connected,long,nUOJfXXZtoo,OGGI SI RISPARMIA!!🎃Preferiti e bocciati del periodo 👀// wt arienne makeup & terry lozano,overlay
PqcpmJCzg7Q,connected,long,nUOJfXXZtoo,OGGI SI RISPARMIA!!🎃Preferiti e bocciati del periodo 👀// wt arienne makeup & terry lozano,overlay
_NS5CF2NaA8,connected,long,nUOJfXXZtoo,OGGI SI RISPARMIA!!🎃Preferiti e bocciati del periodo 👀// wt arienne makeup & terry lozano,overlay
bH7qILSDdr4,connected,long,nUOJfXXZtoo,OGGI SI RISPARMIA!!🎃Preferiti e bocciati del periodo 👀// wt arienne makeup & terry lozano,overlay
jwPsoZyrjME,connected,long,nUOJfXXZtoo,OGGI SI RISPARMIA!!🎃Preferiti e bocciati del periodo 👀// wt arienne makeup & terry lozano,overlay
c4t9LhtIwF8,connected,long,nUOJfXXZtoo,OGGI SI RISPARMIA!!🎃Preferiti e bocciati del periodo 👀// wt arienne makeup & terry lozano,overlay
V5lDrNcs7Wc,connected,long,nUOJfXXZtoo,OGGI SI RISPARMIA!!🎃Preferiti e bocciati del periodo 👀// wt arienne makeup & terry lozano,overlay
DFz1lzrvddI,connected,long,nUOJfXXZtoo,OGGI SI RISPARMIA!!🎃Preferiti e bocciati del periodo 👀// wt arienne makeup & terry lozano,overlay
SDMznk6pd7o,connected,long,RKES9uOJueg,CHE DIRE ASTRA..TI PROVO PER LA PRIMA VOLTA,overlay
ngZAabTkH8s,connected,long,RKES9uOJueg,CHE DIRE ASTRA..TI PROVO PER LA PRIMA VOLTA,overlay
rUGZXcIMpgs,connected,long,RKES9uOJueg,CHE DIRE ASTRA..TI PROVO PER LA PRIMA VOLTA,overlay
aNiF4iFA6tw,connected,long,nUOJfXXZtoo,OGGI SI RISPARMIA!!🎃Preferiti e bocciati del periodo 👀// wt arienne makeup & terry lozano,overlay
tT2WmbGPCVE,connected,long,6bYRrMg3_YE,24H AL SEPHORIA DI PARIGI 💙🥹 makeup vlog ,overlay
3tzUiGm7bj0,connected,long,6bYRrMg3_YE,24H AL SEPHORIA DI PARIGI 💙🥹 makeup vlog ,overlay
njXFe990TF0,connected,long,6bYRrMg3_YE,24H AL SEPHORIA DI PARIGI 💙🥹 makeup vlog ,overlay
JkCJO9-OoSg,connected,long,6bYRrMg3_YE,24H AL SEPHORIA DI PARIGI 💙🥹 makeup vlog ,overlay
TMl_GgsygCo,connected,long,SmDkJc_cJQ4,MA CHE NOVITÁ SUCCULENTI😮‍💨MAMMA MIA CHE BOMBETTE,overlay
gNlVTFVHEjA,connected,long,SmDkJc_cJQ4,MA CHE NOVITÁ SUCCULENTI😮‍💨MAMMA MIA CHE BOMBETTE,overlay
BD9oqIKcm20,connected,long,SmDkJc_cJQ4,MA CHE NOVITÁ SUCCULENTI😮‍💨MAMMA MIA CHE BOMBETTE,overlay
tpIjEib5j6g,connected,long,SmDkJc_cJQ4,MA CHE NOVITÁ SUCCULENTI😮‍💨MAMMA MIA CHE BOMBETTE,overlay
BHVxPHuEnAU,connected,long,SmDkJc_cJQ4,MA CHE NOVITÁ SUCCULENTI😮‍💨MAMMA MIA CHE BOMBETTE,overlay
GWuTQCFZo-U,connected,long,CqcpMLHekhQ,POTEVA ANDARE MEGLIO!🤦🏻provo le novità della Beauty Week ...😳,overlay
vP92g4ByxkA,connected,long,wKOSyJU0dVs,FULL FACE solo con MINI SIZE 👀alcune possono rimanere in negozio🫣,overlay
V2D4NFHg5AY,connected,long,CqcpMLHekhQ,POTEVA ANDARE MEGLIO!🤦🏻provo le novità della Beauty Week ...😳,overlay
s9i4vb5-P4M,connected,long,CqcpMLHekhQ,POTEVA ANDARE MEGLIO!🤦🏻provo le novità della Beauty Week ...😳,overlay
b4t6fdYh8ak,connected,long,gE2Phwx-nKg,IL CALENDARIO BEAUTY PIU COSTOSO‼️💸 CULT BEAUTY NE VALE LA PENA?!,overlay
DJIhRnNNGLM,connected,long,gE2Phwx-nKg,IL CALENDARIO BEAUTY PIU COSTOSO‼️💸 CULT BEAUTY NE VALE LA PENA?!,overlay
05OWSHrq4Pc,connected,long,gE2Phwx-nKg,IL CALENDARIO BEAUTY PIU COSTOSO‼️💸 CULT BEAUTY NE VALE LA PENA?!,overlay
wDlnm64wpyo,connected,long,wKOSyJU0dVs,FULL FACE solo con MINI SIZE 👀alcune possono rimanere in negozio🫣,overlay
wKaTTaYqyzg,connected,long,wKOSyJU0dVs,FULL FACE solo con MINI SIZE 👀alcune possono rimanere in negozio🫣,overlay
L8lsOViAHTY,connected,long,wKOSyJU0dVs,FULL FACE solo con MINI SIZE 👀alcune possono rimanere in negozio🫣,overlay
i8YTNQlLsgQ,connected,long,wKOSyJU0dVs,FULL FACE solo con MINI SIZE 👀alcune possono rimanere in negozio🫣,overlay
VKY9oDhHOJw,connected,long,xcTvmlEWVm4,CALENDARIO AVVENTO ESSENCE 2025‼️🎁,overlay
cUN7VDV0GtA,connected,long,-P5xutvUcA8,NOVITA' LOW COST PAZZESCHE‼️🤩e alcune meno….,overlay
Fz2j-xIX2q0,connected,long,xcTvmlEWVm4,CALENDARIO AVVENTO ESSENCE 2025‼️🎁,overlay
VMsPBkVehqs,connected,long,xcTvmlEWVm4,CALENDARIO AVVENTO ESSENCE 2025‼️🎁,overlay
I1sUfipI9yQ,connected,long,xcTvmlEWVm4,CALENDARIO AVVENTO ESSENCE 2025‼️🎁,overlay
KBH66tTQeRY,connected,long,wti3ATWNQ0A,INGRANDIRE VS ALLUNGARE LO SGUARDO‼️  Makeup Tutorial,overlay
rWkIc6BVIrs,connected,long,wti3ATWNQ0A,INGRANDIRE VS ALLUNGARE LO SGUARDO‼️  Makeup Tutorial,overlay
jB2wkyw1ay0,connected,long,wti3ATWNQ0A,INGRANDIRE VS ALLUNGARE LO SGUARDO‼️  Makeup Tutorial,overlay
LqOs2UptrZE,connected,long,wti3ATWNQ0A,INGRANDIRE VS ALLUNGARE LO SGUARDO‼️  Makeup Tutorial,overlay
P02oYSWxxCg,connected,long,-P5xutvUcA8,NOVITA' LOW COST PAZZESCHE‼️🤩e alcune meno….,overlay
UC7j0uTGeCw,connected,long,-P5xutvUcA8,NOVITA' LOW COST PAZZESCHE‼️🤩e alcune meno….,overlay
cTFJ6sbGjZs,connected,long,-P5xutvUcA8,NOVITA' LOW COST PAZZESCHE‼️🤩e alcune meno….,overlay
4vhrxMBEusE,connected,short,BjJpN-TVJfQ,Aspettando l’autunno 🥹🫶 #makeup #makeuptutorial #longlastingmakeup,overlay
m_lm2MvPDSM,connected,short,BNpFCn47JSw,Minimit di huda beauty💕🎀 ma che carinoo🥺 #hudabeauty #mini #makeup,overlay
BjJpN-TVJfQ,connected,short,q1FQDRATMGo,Certe volte le mie amiche si presentano con quei make-up😝😝😝 #makeup #friends #makeuptutorial,overlay
dHoeKsP0HYs,connected,short,q1FQDRATMGo,Certe volte le mie amiche si presentano con quei make-up😝😝😝 #makeup #friends #makeuptutorial,overlay
q1FQDRATMGo,connected,short,Bs1nUlJCVDk,Come applicare correttamente le ciglia finte👀 #tutorial #makeup #lashes #falselashes,overlay
QBmOlRXSJ1E,connected,long,WoT-VgCheMU,"SQUID GAME x KFC, ne vale la pena? | proviamo tutto 🇰🇷🤤",overlay
ieOl7GFRvnM,connected,long,_QRL6hccR3Y,"un periodo intenso tra lavoro, viaggi e haul ✈️ | weekly vlog",overlay
mJAc20BQXKE,connected,long,D-A57UhWu3g,"DIFFERENZE ITALIA VS USA, HAUL E ASSAGGIO LIBERTY BAGEL SALATO!! 🥯 | NYC VLOG 11/05/25",overlay
EcdypDHGmag,connected,long,ADZp5IUmnmk,SONO TORNATA A PRENDERLE!! 👀 | VLOG 15/01/25,overlay
CykIrdtkIM0,connected,short,5IwSRSK26t8,Lo sapevate? #soloperte #londra,overlay
5IwSRSK26t8,connected,short,nhmtINapR9w,#iphone16promax #novità #apple #soloperte,overlay
nhmtINapR9w,connected,long,bIRecXDGEHM,TUTTI I MIEI REGALI DI NATALE 🎁 | 2024,overlay
dfq-Tn61Ojs,connected,long,bIRecXDGEHM,TUTTI I MIEI REGALI DI NATALE 🎁 | 2024,overlay
6rwAPjcMico,connected,short,5T5_aW1Q5iE,Grwm! #perte #grwm #londra #natale,overlay
FZx2ev1zaN4,connected,short,5T5_aW1Q5iE,Grwm! #perte #grwm #londra #natale,overlay
5T5_aW1Q5iE,connected,short,6YPWQP2UFDU,Quanto è bello? #perte #labubu #blindbox,overlay
6YPWQP2UFDU,connected,short,sSDUuaRLFaU,Nuovo #unboxing #sonnyangel #blindbox #perte #newyork,overlay
FplrzF9g52M,connected,long,n_0VWgXuCJI,72 ORE A LISBONA: COSA HO ASSAGGIATO E VISTO! | VLOG 🇵🇹,overlay
TidpN7sgw84,connected,long,n_0VWgXuCJI,72 ORE A LISBONA: COSA HO ASSAGGIATO E VISTO! | VLOG 🇵🇹,overlay
lNKH3e7BgPA,connected,short,VkVf5gG1TBQ,Scam! #perte #unboxing #sonnyangel,overlay
VkVf5gG1TBQ,connected,short,qQKfIB9w-UQ,Sono stata al primo bar di ZARA! #soloperte #perte #zara #lisboa,overlay
qQKfIB9w-UQ,connected,short,zCyBd7CJhbU,Grwm in hotel! #perte #grwm #lisboa #glossier,overlay
zCyBd7CJhbU,connected,long,k4A_S_MFYqc,FACCIAMO I PRIMI ACQUISTI PER CASA INSIEME!! 👫🏻🏠 | VLOG 12/11/24,overlay
bQAe8hAWB2M,connected,short,BTKwcrU_qF4,La mia prima borsa usata di questo tipo! #perte #vintage #usato #borsa,overlay
BTKwcrU_qF4,connected,long,pOINrDL5LpU,MI FACCIO UN TATUAGGIO DEDICATO!! 🍎 | NYC VLOG 20/10/24,overlay
sSDUuaRLFaU,connected,short,a8YKVUCh_Zw,Bellissimiiii #perte #unboxing #blindbox #sushicat,overlay
a8YKVUCh_Zw,connected,short,G8iQw7CU60I,Vi ispira? #perte #oreo #assaggio #newyork,overlay
G8iQw7CU60I,connected,long,Jhpgf_iK-fs,BRUNCH E SHOPPING A SOHO!! 🍎 parte uno | NYC VLOG 17/10/24,overlay
GfB6zKxWgCU,connected,long,Na4C9JrTUWo,HAUL TUTTO A 5$ 🛍️ (dovete andarci!) | da Five Below,overlay
jCjKVQg4GSw,connected,short,K1aHRdb10uY,Li ho trovati finalmenteeeee #perte #unboxing #sonnyangel #newyork #solotravel,overlay
KKf5Xl82ANg,connected,short,6djDa7N77sU,Che paura! #perte #newyork #halloween #horrorstories,overlay
6djDa7N77sU,connected,short,qSuJxTNOlAo,Che ne dite? #perte #newyork #perteeee #solotravel #starface #haileybieber,overlay
qSuJxTNOlAo,connected,short,K1aHRdb10uY,Li ho trovati finalmenteeeee #perte #unboxing #sonnyangel #newyork #solotravel,overlay
gV3faAcLVFI,connected,short,8CXf2ECEN7o,Troppo hype per nulla #perte #newyork #raisingcanes #solotravel,overlay
K1aHRdb10uY,connected,short,8CXf2ECEN7o,Troppo hype per nulla #perte #newyork #raisingcanes #solotravel,overlay
8CXf2ECEN7o,connected,long,IZfPuea4W28,DUE SETTIMANE DA SOLA A NEW YORK!! 🍎 parte uno | NYC VLOG 13/10/24,overlay
pAp6dm9a3SI,connected,short,Hf1JwGGcmSI,Nuovi capelliiii #perteeee #newhair #hair,overlay
Hf1JwGGcmSI,connected,short,7QaKbl8IeQU,Che idea geniale! Voi l'avreste fatto? #perte #tattoo #wedding,overlay
7QaKbl8IeQU,connected,short,1HymSiDe9qA,Approvato dalla sposa 🩷👰🏻‍♀️ #perte #grwm #wedding,overlay
1HymSiDe9qA,connected,long,et12HgGPRJM,"HAUL ACQUISTI E PARLIAMO BENE DI ""IT ENDS WITH US""! 🍿 parte due | VLOG 04/09/24",overlay
tIvHoLDWXzU,connected,long,pCmglRKHjvo,I MIEI REGALI DI COMPLEANNO 🎂🎁,overlay
9KjE9lhTBtQ,connected,short,K1_ijargU5s,What's in my bag come ai vecchi tempi! #perte #bag,overlay
K1_ijargU5s,connected,long,kwEVdKr0g5g,ORDINO LA SPESA SU AMAZON PER LA PRIMA VOLTA!! 🛒,overlay
CgJY0RBfCGc,connected,long,RC7Yqk56VGk,LA NOVITÀ DI SETTEMBRE ❤️ | VLOG 06/08/24,overlay
Ge73ka88Ubg,connected,long,i0ta4OF_tZ4,"CONSEGNA ULTIMI LAVORI, MUKBANG E NUOVA FASCIA PER CAPELLI!! 🍒 seconda parte | VLOG 25/07/24",overlay
a5llO93V654,connected,long,KJWpzrfmDo4,"Prepariamoci insieme 👗 | GRWM ""vlog edition""",overlay
PW-COHUSLT8,connected,long,ztvj7xwhe7o,"TRY-ON HAUL ESTIVO 🛍 // Bershka, Uniqlo, Mango, Sephora...",overlay
TXOPfuPLQYw,connected,long,tGKdVMV6OGQ,"SUPER PACCO, ASSAGGIO NOVITÀ, BRIDGERTON E SUSHI! 🧡 | VLOG 21/06/24",overlay
hEMNPuIi_oU,connected,long,hLocBeMKPwk,POKÈ MUKBANG 🍤 // ANDARE A VIVERE A MILANO E COME NON MOLLARE IN PALESTRA!!,overlay
OLCBmsMFApI,connected,long,4mkkNrJijGI,PROVIAMO IL GELATO NUTELLA E UNBOXING CHARM BAR!! ☀️ | VLOG 06/06/24,overlay
7doDWETcvEM,connected,short,SY4qTpl9QF4,Cena con il mio ragazzo a Palma 🌴 #grwm #uniqlo,overlay
O-lnfxEHuQU,connected,long,1JTOLATHMgQ,HAUL UNIQLO E RICETTA TORTINO!! 🛍️🥧 seconda parte | VLOG 23/04/24,overlay
dstsoKa8kRw,connected,short,hguDkYxQC8U,È ovvio che Dante #libri #dantealighieri #scuola #liceo #divertente #letteratura #storia #virale,overlay
z7AqfMlE2ic,connected,long,1hFk5lpn4uY,IL VIDEO QUASI PERFETTO - Try Not To Laugh Challenge EP. 92,overlay
4sdHfgGc1LE,connected,long,1hFk5lpn4uY,IL VIDEO QUASI PERFETTO - Try Not To Laugh Challenge EP. 92,overlay
et3AojlFnAI,connected,long,1hFk5lpn4uY,IL VIDEO QUASI PERFETTO - Try Not To Laugh Challenge EP. 92,overlay
F20tvLB_1M0,connected,long,1hFk5lpn4uY,IL VIDEO QUASI PERFETTO - Try Not To Laugh Challenge EP. 92,overlay
FJwjtNiN1H0,connected,long,1hFk5lpn4uY,IL VIDEO QUASI PERFETTO - Try Not To Laugh Challenge EP. 92,overlay
AaqWiKXloNI,connected,long,DJgP64r26Oc,PIANGERE DAL RIDERE - Try Not To Laugh Challenge EP. 91,overlay
G1XT6x1OkSU,connected,long,DJgP64r26Oc,PIANGERE DAL RIDERE - Try Not To Laugh Challenge EP. 91,overlay
QFlboSjIFag,connected,long,DJgP64r26Oc,PIANGERE DAL RIDERE - Try Not To Laugh Challenge EP. 91,overlay
Nv2P0_jZpRI,connected,long,DJgP64r26Oc,PIANGERE DAL RIDERE - Try Not To Laugh Challenge EP. 91,overlay
9HcppuvFaNE,connected,long,Zhm5cObgdm8,ALIENI A NAPOLI - Try Not To Laugh Challenge EP. 90,overlay
C-k7fY_mUVE,connected,long,Zhm5cObgdm8,ALIENI A NAPOLI - Try Not To Laugh Challenge EP. 90,overlay
Z_Nmg2f_GHY,connected,long,Zhm5cObgdm8,ALIENI A NAPOLI - Try Not To Laugh Challenge EP. 90,overlay
ktAwqM0d-DQ,connected,long,Zhm5cObgdm8,ALIENI A NAPOLI - Try Not To Laugh Challenge EP. 90,overlay
Co0nh3w-vsI,connected,long,Zhm5cObgdm8,ALIENI A NAPOLI - Try Not To Laugh Challenge EP. 90,overlay
vjWUdGNUJ10,connected,long,Zhm5cObgdm8,ALIENI A NAPOLI - Try Not To Laugh Challenge EP. 90,overlay
ubd4pvKVWE0,connected,long,J1RObN3vT3g,UNA PUNTATA STREPITOSA - Try Not To Laugh Challenge EP. 89,overlay
EXR6vm3EoZ0,connected,long,J1RObN3vT3g,UNA PUNTATA STREPITOSA - Try Not To Laugh Challenge EP. 89,overlay
GBQaFb-PxhM,connected,long,J1RObN3vT3g,UNA PUNTATA STREPITOSA - Try Not To Laugh Challenge EP. 89,overlay
X-7brylssWs,connected,long,J1RObN3vT3g,UNA PUNTATA STREPITOSA - Try Not To Laugh Challenge EP. 89,overlay
aT19Uh7ZaLQ,connected,long,J1RObN3vT3g,UNA PUNTATA STREPITOSA - Try Not To Laugh Challenge EP. 89,overlay
TZMgG_NEdiE,connected,long,HiR5x2du6gY,URLA DURANTE L'INTERVISTA - Try Not To Laugh Challenge EP. 88,overlay
pNjAAbb_lUI,connected,long,HiR5x2du6gY,URLA DURANTE L'INTERVISTA - Try Not To Laugh Challenge EP. 88,overlay
TmY23MgRors,connected,long,HiR5x2du6gY,URLA DURANTE L'INTERVISTA - Try Not To Laugh Challenge EP. 88,overlay
rHBmGUYW5VA,connected,long,HiR5x2du6gY,URLA DURANTE L'INTERVISTA - Try Not To Laugh Challenge EP. 88,overlay
jhgzt8cRjRU,connected,long,HiR5x2du6gY,URLA DURANTE L'INTERVISTA - Try Not To Laugh Challenge EP. 88,overlay
ZLphHychArA,connected,long,HiR5x2du6gY,URLA DURANTE L'INTERVISTA - Try Not To Laugh Challenge EP. 88,overlay
XjI3c5rUeSY,connected,long,HiR5x2du6gY,URLA DURANTE L'INTERVISTA - Try Not To Laugh Challenge EP. 88,overlay
FRqSacEDYUY,connected,long,HiR5x2du6gY,URLA DURANTE L'INTERVISTA - Try Not To Laugh Challenge EP. 88,overlay
NNHPafJ4xrQ,connected,long,Y16Uty3v6sw,CANTA CANZONI ALLA CAPRA - Try Not To Laugh Challenge EP. 87,overlay
TtD8vcIllxg,connected,long,Y16Uty3v6sw,CANTA CANZONI ALLA CAPRA - Try Not To Laugh Challenge EP. 87,overlay
wO3YuxiHHxc,connected,long,Y16Uty3v6sw,CANTA CANZONI ALLA CAPRA - Try Not To Laugh Challenge EP. 87,overlay
5pM42vk_rgA,connected,long,Y16Uty3v6sw,CANTA CANZONI ALLA CAPRA - Try Not To Laugh Challenge EP. 87,overlay
oSK834_MHII,connected,long,Y16Uty3v6sw,CANTA CANZONI ALLA CAPRA - Try Not To Laugh Challenge EP. 87,overlay
p-pCZSUtKR4,connected,long,Y16Uty3v6sw,CANTA CANZONI ALLA CAPRA - Try Not To Laugh Challenge EP. 87,overlay
s4QVepGkS50,connected,long,Y16Uty3v6sw,CANTA CANZONI ALLA CAPRA - Try Not To Laugh Challenge EP. 87,overlay
gNuIJCJkDFQ,connected,long,Y16Uty3v6sw,CANTA CANZONI ALLA CAPRA - Try Not To Laugh Challenge EP. 87,overlay
bCYCU-Em1Pg,connected,long,2eC-mbiqVVg,DISASTRO ANNUNCIATO - Try Not To Laugh Challenge EP. 86,overlay
l-GKrfn-GZY,connected,long,2eC-mbiqVVg,DISASTRO ANNUNCIATO - Try Not To Laugh Challenge EP. 86,overlay
XWsJgAhdU5M,connected,long,2eC-mbiqVVg,DISASTRO ANNUNCIATO - Try Not To Laugh Challenge EP. 86,overlay
LZy50iWaGOo,connected,long,2eC-mbiqVVg,DISASTRO ANNUNCIATO - Try Not To Laugh Challenge EP. 86,overlay
IfF7G5a8Hkw,connected,long,2eC-mbiqVVg,DISASTRO ANNUNCIATO - Try Not To Laugh Challenge EP. 86,overlay
ACIdwqDFqsw,connected,long,QybbkDdq22w,DEVE ANDARE IN BAGNO - Try Not To Laugh Challenge EP. 85,overlay
WLeA9GxuPoU,connected,long,QybbkDdq22w,DEVE ANDARE IN BAGNO - Try Not To Laugh Challenge EP. 85,overlay
TEM5unG03n8,connected,long,QybbkDdq22w,DEVE ANDARE IN BAGNO - Try Not To Laugh Challenge EP. 85,overlay
sdnWsTFtDSA,connected,long,QybbkDdq22w,DEVE ANDARE IN BAGNO - Try Not To Laugh Challenge EP. 85,overlay
VRV4_m20QUA,connected,long,DuWz6FxVwpY,I VIDEO TAGLIATI - Try Not To Laugh Challenge SPECIALE PASQUA EP. 10,overlay
zO8ROxApWSQ,connected,long,DuWz6FxVwpY,I VIDEO TAGLIATI - Try Not To Laugh Challenge SPECIALE PASQUA EP. 10,overlay
zcvmJ6PTj5o,connected,long,DuWz6FxVwpY,I VIDEO TAGLIATI - Try Not To Laugh Challenge SPECIALE PASQUA EP. 10,overlay
RzwyEKHp5rs,connected,long,DuWz6FxVwpY,I VIDEO TAGLIATI - Try Not To Laugh Challenge SPECIALE PASQUA EP. 10,overlay
wGSuTbN74Kk,connected,long,k8ZkBRgrjoA,UN BAMBINO DI 45 ANNI - Try Not To Laugh Challenge EP. 84,overlay
WS8yArmm21c,connected,long,k8ZkBRgrjoA,UN BAMBINO DI 45 ANNI - Try Not To Laugh Challenge EP. 84,overlay
FaMfPUcaWzk,connected,long,k8ZkBRgrjoA,UN BAMBINO DI 45 ANNI - Try Not To Laugh Challenge EP. 84,overlay
VnewVoia4Hk,connected,long,kaSZRrPFHYc,NON VOGLIO GUARDARE - Try Not To Laugh Challenge EP. 83,overlay
-C6Cmacfhh8,connected,long,kaSZRrPFHYc,NON VOGLIO GUARDARE - Try Not To Laugh Challenge EP. 83,overlay
dUY7CCInp2Q,connected,long,kaSZRrPFHYc,NON VOGLIO GUARDARE - Try Not To Laugh Challenge EP. 83,overlay
kIuOWeisrIk,connected,long,kaSZRrPFHYc,NON VOGLIO GUARDARE - Try Not To Laugh Challenge EP. 83,overlay
k3zX4m_Pu70,connected,long,kaSZRrPFHYc,NON VOGLIO GUARDARE - Try Not To Laugh Challenge EP. 83,overlay
rpzi54bN6mQ,connected,long,o6y4x-cmBMA,UN BRUTTO INCIDENTE - Try Not To Laugh Challenge EP. 82,overlay
uqKLPQcBFRM,connected,long,o6y4x-cmBMA,UN BRUTTO INCIDENTE - Try Not To Laugh Challenge EP. 82,overlay
yRAjo9WJPZc,connected,long,o6y4x-cmBMA,UN BRUTTO INCIDENTE - Try Not To Laugh Challenge EP. 82,overlay
S5Y0KkS3I4E,connected,long,o6y4x-cmBMA,UN BRUTTO INCIDENTE - Try Not To Laugh Challenge EP. 82,overlay
1qHVuBjkZQI,connected,long,l7drmWcLDSo,HANNO SCHIACCIATO LA FIGLIA - Try Not To Laugh Challenge EP. 81,overlay
19JsnEdKazQ,connected,long,l7drmWcLDSo,HANNO SCHIACCIATO LA FIGLIA - Try Not To Laugh Challenge EP. 81,overlay
q9fVio-RTPE,connected,long,l7drmWcLDSo,HANNO SCHIACCIATO LA FIGLIA - Try Not To Laugh Challenge EP. 81,overlay
iLqgEBY2qB0,connected,long,l7drmWcLDSo,HANNO SCHIACCIATO LA FIGLIA - Try Not To Laugh Challenge EP. 81,overlay
5mHfLoRecrI,connected,long,l7drmWcLDSo,HANNO SCHIACCIATO LA FIGLIA - Try Not To Laugh Challenge EP. 81,overlay
QR_ayR5VCIk,connected,long,l7drmWcLDSo,HANNO SCHIACCIATO LA FIGLIA - Try Not To Laugh Challenge EP. 81,overlay
NQ5YbEzYm3w,connected,long,l7drmWcLDSo,HANNO SCHIACCIATO LA FIGLIA - Try Not To Laugh Challenge EP. 81,overlay
RU1lmfhVBnk,connected,long,Uq2rbHS8YUY,SFIDO ANDREA A NON RIDERE - Try Not To Laugh Challenge EP. 80 feat. @bigandrea8888,overlay
BrYYL4N9Rk4,connected,long,Uq2rbHS8YUY,SFIDO ANDREA A NON RIDERE - Try Not To Laugh Challenge EP. 80 feat. @bigandrea8888,overlay
tFvTfQoyJzo,connected,long,Uq2rbHS8YUY,SFIDO ANDREA A NON RIDERE - Try Not To Laugh Challenge EP. 80 feat. @bigandrea8888,overlay
prE8_-0rwa4,connected,long,Uq2rbHS8YUY,SFIDO ANDREA A NON RIDERE - Try Not To Laugh Challenge EP. 80 feat. @bigandrea8888,overlay
6wS6YgB4PWc,connected,long,pJZHJLa5Apc,SFIDA CON L'ACQUA IN BOCCA - Try Not To Laugh Challenge EP. 79,overlay
a2xHFsR6dqY,connected,long,pJZHJLa5Apc,SFIDA CON L'ACQUA IN BOCCA - Try Not To Laugh Challenge EP. 79,overlay
ZdztAoLMkAA,connected,long,pJZHJLa5Apc,SFIDA CON L'ACQUA IN BOCCA - Try Not To Laugh Challenge EP. 79,overlay
Goyk9pNnVW8,connected,long,pJZHJLa5Apc,SFIDA CON L'ACQUA IN BOCCA - Try Not To Laugh Challenge EP. 79,overlay
IsuCzYFg8bA,connected,long,pJZHJLa5Apc,SFIDA CON L'ACQUA IN BOCCA - Try Not To Laugh Challenge EP. 79,overlay
85UFva1-tK8,connected,long,pJZHJLa5Apc,SFIDA CON L'ACQUA IN BOCCA - Try Not To Laugh Challenge EP. 79,overlay
r24xRjpX7l4,connected,long,g-4kPIS_MVw,UNA PUNTATA POLEMICA - Try Not To Laugh Challenge EP. 78,overlay
hmT7yjWMBng,connected,long,g-4kPIS_MVw,UNA PUNTATA POLEMICA - Try Not To Laugh Challenge EP. 78,overlay
h1Ogr8b1d-I,connected,long,g-4kPIS_MVw,UNA PUNTATA POLEMICA - Try Not To Laugh Challenge EP. 78,overlay
lc1g50tHz0U,connected,long,g-4kPIS_MVw,UNA PUNTATA POLEMICA - Try Not To Laugh Challenge EP. 78,overlay
Otm0BSpOGyo,connected,long,M1CrbV2Lu4g,PAROLE D'AMORE - Try Not To Laugh Challenge EP. 77,overlay
mpllDpZ0wco,connected,long,M1CrbV2Lu4g,PAROLE D'AMORE - Try Not To Laugh Challenge EP. 77,overlay
k-f3f24kVME,connected,long,M1CrbV2Lu4g,PAROLE D'AMORE - Try Not To Laugh Challenge EP. 77,overlay
iF3hq3cjbMY,connected,long,2NwC_lVPRPs,UN VIDEO INCREDIBILE - Try Not To Laugh Challenge EP. 76,overlay
asuCvHUQMXI,connected,long,2NwC_lVPRPs,UN VIDEO INCREDIBILE - Try Not To Laugh Challenge EP. 76,overlay
74Nr2skVFPs,connected,long,2NwC_lVPRPs,UN VIDEO INCREDIBILE - Try Not To Laugh Challenge EP. 76,overlay
FQ42jle-cEM,connected,long,2NwC_lVPRPs,UN VIDEO INCREDIBILE - Try Not To Laugh Challenge EP. 76,overlay
ZtM9j513oPA,connected,long,plK2B4lQJFg,A ME NON CAPITA - Try Not To Laugh Challenge EP. 75,overlay
OgIAV7y6eys,connected,long,plK2B4lQJFg,A ME NON CAPITA - Try Not To Laugh Challenge EP. 75,overlay
5dTrwBLBiYs,connected,long,plK2B4lQJFg,A ME NON CAPITA - Try Not To Laugh Challenge EP. 75,overlay
duLHP3NNG3Q,connected,long,jlBZ7nEPWLE,TERZA STAGIONE COL BOTTO - Try Not To Laugh Challenge EP. 74,overlay
p57Xue2BCwE,connected,long,jlBZ7nEPWLE,TERZA STAGIONE COL BOTTO - Try Not To Laugh Challenge EP. 74,overlay
H7cfv2MJDqM,connected,long,jlBZ7nEPWLE,TERZA STAGIONE COL BOTTO - Try Not To Laugh Challenge EP. 74,overlay
PwqxxccUURg,connected,long,CNv55mYZNdg,INDOVINA IL CALCIATORE FT. RAFA LEAO,overlay
hTehaYGojJw,connected,long,6vVyQlADYNM,4 NERI A ROMA!!! (FT. JUN),overlay
eBvRFE4m8nE,connected,long,6vVyQlADYNM,4 NERI A ROMA!!! (FT. JUN),overlay
V5hZ4AYDW6I,connected,long,aMjMTRbpv_s,NRM 2 - REACTION W/@Silvestrobaffo.,overlay
K200CG_X7us,connected,long,aMjMTRbpv_s,NRM 2 - REACTION W/@Silvestrobaffo.,overlay
i8x8yYfYc9Q,connected,long,aMjMTRbpv_s,NRM 2 - REACTION W/@Silvestrobaffo.,overlay
dnfXEt7mc_A,connected,long,hcHr7j2PWMo,"OUTFIT MATCH FT. MAMBO LOSCO, DISS GACHA & OBP!",overlay
RMD8wSympag,connected,long,rm2ykOFNaa8,NIKY/ARTIE/BLSSD CI SFIDANO MA NON VA COME VOGLIONO!!!!! #isavlog,overlay
chKYqsg48M0,connected,long,rm2ykOFNaa8,NIKY/ARTIE/BLSSD CI SFIDANO MA NON VA COME VOGLIONO!!!!! #isavlog,overlay
mJBD175JwTA,connected,long,H9S3GHnWgHM,"REACTION CON GLI SLINGS E FALLOU A ""TOO CLEAN""!!",overlay
lpYOQQGF2EI,connected,long,H9S3GHnWgHM,"REACTION CON GLI SLINGS E FALLOU A ""TOO CLEAN""!!",overlay
fJCxmzXQd2M,connected,long,Y7Jyur-p3iE,UNA GIORNATA CON NIKY SAVAGE!,overlay
ndxS6Klz9FQ,connected,long,H9S3GHnWgHM,"REACTION CON GLI SLINGS E FALLOU A ""TOO CLEAN""!!",overlay
zaGA-Pbhu60,connected,long,5681I1W3_9I,A SCUOLA DI DANZA FT YAMME,overlay
2arJoi_wRK4,connected,long,5681I1W3_9I,A SCUOLA DI DANZA FT YAMME,overlay
hwxTm4vGBBA,connected,long,WcAKdCxoJHI,TELEFONO ROSA CON KING E WILLY *TROPPO DIVERTENTE*,overlay
4mm609ws6fk,connected,long,Fsa1oXkXoAw,SPOILER DEL NUOVO PEZZO DI ROSE VILLAIN FT LAZZA! *SABOECTION*,overlay
gQTTBopCsTk,connected,long,WcAKdCxoJHI,TELEFONO ROSA CON KING E WILLY *TROPPO DIVERTENTE*,overlay
sdat7nE5BHw,connected,long,gVBxae_OH30,SANREMO 2025 È CALDO? *SABOECTION*,overlay
G5Z7oBeIB-M,connected,long,2YMAVx33L58,ASCOLTIAMO MA NON GIUDICHIAMO CON I FAN! *SIETE MALATI*,overlay
VT_Lr_3P85Q,connected,long,AI18g8U9eXg,OBP A SCUOLA DI BALLO!,overlay
fCSZ6vOaVyQ,connected,long,rgyqqCo9OfQ,MAFIA SLIME 2 CON JIGGY! - SABOECTION,overlay
mUvLOGg56-U,connected,long,rgyqqCo9OfQ,MAFIA SLIME 2 CON JIGGY! - SABOECTION,overlay
mAIzr1uqMlI,connected,long,rgyqqCo9OfQ,MAFIA SLIME 2 CON JIGGY! - SABOECTION,overlay
6Z9hoqTt8fc,connected,long,VPTEkTs5T94,100 DOMANDE CON ALFRED DI TEMPTATION ISLAND!,overlay
FFXxMcB89ug,connected,long,vwWdJBQ8GCg,SIMBA X TONY BOY - AYAHUASCA *SABOECTION*,overlay
h7f5fBpNjko,connected,long,VPTEkTs5T94,100 DOMANDE CON ALFRED DI TEMPTATION ISLAND!,overlay
4OBic6bs6QY,connected,long,VPTEkTs5T94,100 DOMANDE CON ALFRED DI TEMPTATION ISLAND!,overlay
wsbxsbnIHK8,connected,long,VPTEkTs5T94,100 DOMANDE CON ALFRED DI TEMPTATION ISLAND!,overlay
lBZkNpKu8Rw,connected,long,vwWdJBQ8GCg,SIMBA X TONY BOY - AYAHUASCA *SABOECTION*,overlay
9dPYkCVZ6EE,connected,long,vwWdJBQ8GCg,SIMBA X TONY BOY - AYAHUASCA *SABOECTION*,overlay
oM1vvfs0rqY,connected,long,yh2xKy7DO3E,REACTION CON BELLO FIGO AL SUO EP!,overlay
0eFj5FsXWA0,connected,long,yh2xKy7DO3E,REACTION CON BELLO FIGO AL SUO EP!,overlay
zyuZx3FbfM0,connected,long,yh2xKy7DO3E,REACTION CON BELLO FIGO AL SUO EP!,overlay
uBj0Z9K4vnE,connected,long,yh2xKy7DO3E,REACTION CON BELLO FIGO AL SUO EP!,overlay
7AUsyaOfFbA,connected,long,yh2xKy7DO3E,REACTION CON BELLO FIGO AL SUO EP!,overlay
RqGQNFipOtU,connected,long,Mtl4iwtgi88,CAPO PLAZA CONTINUA!! -SABOECTION,overlay
rcGj1N73__U,connected,long,Mtl4iwtgi88,CAPO PLAZA CONTINUA!! -SABOECTION,overlay
EAFaYfCzKXE,connected,long,Mtl4iwtgi88,CAPO PLAZA CONTINUA!! -SABOECTION,overlay
a_z9EHyUENE,connected,long,E1IFO-hXH64,GOBLIN - SABOECTION,overlay
pHZz3uPtmTg,connected,long,E1IFO-hXH64,GOBLIN - SABOECTION,overlay
t_m8OL_wp5E,connected,long,PxcW1ftfpmI,GLOCKY VS KIDDO - SABOECTION,overlay
BGcWJF_lSq0,connected,short,cJIoQRXPOFo,Anche questo è amore giusto? 🧻❤️ #toiletpaper #origami #tutorial #homedecor #bathroom,overlay
LZtqZhP8gtw,connected,short,Ydy6vsd75ks,Onestamente la migliore decisione di sempre 😍🐫 #twinmom #sharmelsheik #tiktoktrend,overlay
MrR78fzH3aM,connected,short,r-OVG-IEcKg,Valigia per le gemelline 🧳👧🏼🐫 #twinmom #momlife #sharmelsheikh,overlay
pOtwLjv9ais,connected,short,Ydy6vsd75ks,Onestamente la migliore decisione di sempre 😍🐫 #twinmom #sharmelsheik #tiktoktrend,overlay
Ydy6vsd75ks,connected,short,ZCjlksm6WbQ,Pizza fatta in casa tutti e 4  🍕👧🏼 #twinmom #vitadamamma #famiglia #vlog #ricetta,overlay
r-OVG-IEcKg,connected,long,3IvN3gCGbyI,Speed Cleaning Secrets: Come Pulisco a Fondo la Mia Casa in Meno di 2 Ore,overlay
g3eWor3WHnk,connected,long,3IvN3gCGbyI,Speed Cleaning Secrets: Come Pulisco a Fondo la Mia Casa in Meno di 2 Ore,overlay
6heehOixEJM,connected,long,JTT68wfQ1j4,"Una giornata con me SENZA FILTRI: mamma di gemelle, lavoro, allenamento e capricci",overlay
xuu-xWIsuRU,connected,long,3IvN3gCGbyI,Speed Cleaning Secrets: Come Pulisco a Fondo la Mia Casa in Meno di 2 Ore,overlay
Ee0TcGK2gJE,connected,short,q-ESiQIi8Sg,Oscene proprio ☁️✨ #interiordesign #whiteinterior #whitehouse #newhome #renovation,overlay
cJIoQRXPOFo,connected,long,3IvN3gCGbyI,Speed Cleaning Secrets: Come Pulisco a Fondo la Mia Casa in Meno di 2 Ore,overlay
crHUwl1-UfM,connected,long,3IvN3gCGbyI,Speed Cleaning Secrets: Come Pulisco a Fondo la Mia Casa in Meno di 2 Ore,overlay
ZCjlksm6WbQ,connected,short,O5DMFZVmnzI,Al supermercato con le gemelle 🛒👧🏼 #twinmom #vitadamamma #famiglia #vlog #spesa,overlay
O5DMFZVmnzI,connected,long,JTT68wfQ1j4,"Una giornata con me SENZA FILTRI: mamma di gemelle, lavoro, allenamento e capricci",overlay
q-ESiQIi8Sg,connected,short,4bPvi8il9h8,Non avere colori in casa è stata la migliore decisione 🤍 Che pace assoluta!,overlay
YvjS9x0PeLM,connected,short,sh3dJkGq9c4,ora anche Maki ha il suo angolo aesthetic in casa 🐈💕 #homedecor  #catshopping #catlife #cleaning,overlay
sh3dJkGq9c4,connected,short,HtR1dG22tJY,anche Maki merita un angolo aesthetic 💅🏼 #actionfinds #actionhaul #catshopping #action #haul,overlay
HtR1dG22tJY,connected,short,88weCh62SeU,Fotocamera polaroid a 16€ da Action 😍 #action #actionfinds #haul #present #giocattoli #momlife,overlay
M8aDwpnItEA,connected,short,rVb_7kGFxZk,Night routine del nostro sabato sera ✨ #twinmom #vlog #mamma #famiglia,overlay
bo978Itfkj4,connected,short,Uv0cA71ByXY,Cosa mi metto quando vado dal notaio 🖤 cosa ne pensate? #grwm #outfit #ootd,overlay
rVb_7kGFxZk,connected,long,7eG9zblI-Yg,Come Trasformare Una Nursery In Una Cameretta Per Due Gemelle In Crescita In Poche E Semplici Mosse,overlay
Uv0cA71ByXY,connected,short,tiSGRrd6Igs,"Un mix di interior, organizzazione e vita vera 💖 #vitadamamma #twinmom",overlay
hHltR0nka6Y,connected,short,78GBlC5VlTk,Decluttering challenge - cesta dei giochi 🧸  #cleanwithme #cleaningvlog #cleaningroutine,overlay
ty9CM3CKyfI,connected,long,7eG9zblI-Yg,Come Trasformare Una Nursery In Una Cameretta Per Due Gemelle In Crescita In Poche E Semplici Mosse,overlay
78GBlC5VlTk,connected,long,7eG9zblI-Yg,Come Trasformare Una Nursery In Una Cameretta Per Due Gemelle In Crescita In Poche E Semplici Mosse,overlay
Vjovg1Ge8-8,connected,short,xYeezXZ8gvQ,Ci prepariamo insieme per la mia prima sfilata 🥹✨ #mfw #grwm #grwmoutfit,overlay
dyrFtyjdoKA,connected,short,P_rb7thC_As,clean and organize with me - mobile del bagno edition🫧  #cleanwithme #cleaningvlog #cleaningroutine,overlay
xYeezXZ8gvQ,connected,short,tiSGRrd6Igs,"Un mix di interior, organizzazione e vita vera 💖 #vitadamamma #twinmom",overlay
o3Ce1xIBJaU,connected,long,5Mk03JTOUdg,5 foolproof tricks for organizing your home with kids (quick and easy!),overlay
L9RTIIYlBn0,connected,short,I6qTyF47S8Q,Questa è la mia opinione 🤎 voi cosa ne pensate? #spc #parquet #ristrutturazione #casanuova,overlay
8X8wMYmSXp0,connected,short,P_rb7thC_As,clean and organize with me - mobile del bagno edition🫧  #cleanwithme #cleaningvlog #cleaningroutine,overlay
wojL1nQV0To,connected,short,fxwI5YfY2bI,Haul regalini da Action 🏠🛍️💸 #svuotalaspesa #haulaction #giochi #twinmom,overlay
I6qTyF47S8Q,connected,short,Fmvd2U8gPws,Spc 🆚 parquet 🤎 come sempre attendo vostri feedback se ne avete! #spc #parquet #ristrutturazione,overlay
6F0_z23tSCw,connected,short,P_rb7thC_As,clean and organize with me - mobile del bagno edition🫧  #cleanwithme #cleaningvlog #cleaningroutine,overlay
gZsvBosZAp8,connected,long,JTT68wfQ1j4,"Una giornata con me SENZA FILTRI: mamma di gemelle, lavoro, allenamento e capricci",overlay
Fmvd2U8gPws,connected,short,XF1Hj2cLD24,cambieremo il pavimento 🤎 attendo vostri feedback se ne avete! #spc #parquet #ristrutturazione,overlay
XF1Hj2cLD24,connected,long,Iq1vcqoj7Yw,CASA NUOVA 🏡 Un sogno che si avvera dopo tanti anni.,overlay
B7k3Gq87AHk,connected,long,hEDOOB7Rkpw,10 TRUCCHI GENIALI per una CASA SEMPRE ORDINATA!,overlay
VXOfgpzz9TM,connected,short,lmvQAPcy1rE,Organizzazione cameretta delle gemelline 👧🏼💖👧🏼 #kidsroom #vitadamamma #twinmom #organization #giochi,overlay
PS9ugI-LYVY,connected,long,JTT68wfQ1j4,"Una giornata con me SENZA FILTRI: mamma di gemelle, lavoro, allenamento e capricci",overlay
fxwI5YfY2bI,connected,short,88weCh62SeU,Fotocamera polaroid a 16€ da Action 😍 #action #actionfinds #haul #present #giocattoli #momlife,overlay
0M6MYnNfxKU,connected,short,XhJRNwLAHWM,Ogni fatica è ripagata da momenti come questo 🥹💖 #gemelle #twinmom #surprise #vitadamamma #kidsroom,overlay
88weCh62SeU,connected,short,JnXDwSUlr38,Haul di cose per la casa da Action 🏠🛍️💸 #svuotalaspesa #haulaction #homedecor #arredamento,overlay
alj5vhWFmEE,connected,short,FlHVC-KBedA,In realtà ce ne sarebbero ancora mille 🏠🤫  #famiglia #twinmom #vitadamamma,overlay
FlHVC-KBedA,connected,short,RUqZTKcOaT4,il risultato finale 🥹♥️ ormai siamo una squadra! #famiglia #gallerywall #twinmom #vitadamamma,overlay
RUqZTKcOaT4,connected,short,P_rb7thC_As,clean and organize with me - mobile del bagno edition🫧  #cleanwithme #cleaningvlog #cleaningroutine,overlay
FMEF4xvvWdA,connected,short,mIeE73X6720,5 cose che amo della mia nuova casa 🏡 #hometour #ristrutturazione #casanuova #arredamento #giardino,overlay
VkjUgHdEZnU,connected,short,XhJRNwLAHWM,Ogni fatica è ripagata da momenti come questo 🥹💖 #gemelle #twinmom #surprise #vitadamamma #kidsroom,overlay
V5NiRvJiD2o,connected,long,AwToAKcOskU,Autumn Farm Vlog: Un Pomeriggio Nella Mia Twin Mom Life,overlay
CkLa6oMrjpw,connected,short,P_rb7thC_As,clean and organize with me - mobile del bagno edition🫧  #cleanwithme #cleaningvlog #cleaningroutine,overlay
ywEuPSHzaV0,connected,short,XhJRNwLAHWM,Ogni fatica è ripagata da momenti come questo 🥹💖 #gemelle #twinmom #surprise #vitadamamma #kidsroom,overlay
f4AUbMVnFEQ,connected,short,iFFc70hsICY,Come creare il perfetto fiocco natalizio per pacchetti e decorazioni 🎀 seguimi per altre ispirazioni,overlay
uAS7qA5uXFg,connected,short,P_rb7thC_As,clean and organize with me - mobile del bagno edition🫧  #cleanwithme #cleaningvlog #cleaningroutine,overlay
MK6mHnvy4-0,connected,long,XaJtl-uCeXY,DUE GEMELLE IN ARRIVO! DALLA SCOPERTA AL LAVORO DA INFLUENCER... LA MIA VITA IN UN ANNO!,overlay
Ef7DmfvyapM,connected,long,AwToAKcOskU,Autumn Farm Vlog: Un Pomeriggio Nella Mia Twin Mom Life,overlay
iFFc70hsICY,connected,short,nq8NCFxqZfA,clean and organize with me - mobile delle pentole 🍳  #cleanwithme #cleaningvlog #cleaningroutine,overlay
nq8NCFxqZfA,connected,short,P_rb7thC_As,clean and organize with me - mobile del bagno edition🫧  #cleanwithme #cleaningvlog #cleaningroutine,overlay
40wIUhhG02M,connected,long,RpuhrTnBhmY,HO SCRITTO UN LIBRO! ✨ IL SEGRETO DEL RIORDINO PER NEOGENITORI,overlay
P_rb7thC_As,connected,long,hEDOOB7Rkpw,10 TRUCCHI GENIALI per una CASA SEMPRE ORDINATA!,overlay
XhJRNwLAHWM,connected,short,lmvQAPcy1rE,Organizzazione cameretta delle gemelline 👧🏼💖👧🏼 #kidsroom #vitadamamma #twinmom #organization #giochi,overlay
W3OdjL2EI_k,connected,long,AwToAKcOskU,Autumn Farm Vlog: Un Pomeriggio Nella Mia Twin Mom Life,overlay
EXKx_O2zED0,connected,long,AwToAKcOskU,Autumn Farm Vlog: Un Pomeriggio Nella Mia Twin Mom Life,overlay
tBFW1gcphsE,connected,long,AwToAKcOskU,Autumn Farm Vlog: Un Pomeriggio Nella Mia Twin Mom Life,overlay
lmvQAPcy1rE,connected,long,AwToAKcOskU,Autumn Farm Vlog: Un Pomeriggio Nella Mia Twin Mom Life,overlay
eHPw5nPNjME,connected,short,vrqzMfFICTE,Decoriamo il portico per Halloween 🎃👻🕷️💀 #halloweendecor #halloweenhomedecor #halloweenhouse,overlay
vrqzMfFICTE,connected,long,AwToAKcOskU,Autumn Farm Vlog: Un Pomeriggio Nella Mia Twin Mom Life,overlay
o0vd1hpJ4bQ,connected,long,AwToAKcOskU,Autumn Farm Vlog: Un Pomeriggio Nella Mia Twin Mom Life,overlay
6pS_eS_HUc4,connected,long,AwToAKcOskU,Autumn Farm Vlog: Un Pomeriggio Nella Mia Twin Mom Life,overlay
G9oJtu8eFUA,connected,long,hEDOOB7Rkpw,10 TRUCCHI GENIALI per una CASA SEMPRE ORDINATA!,overlay
i_BgzE4RldQ,connected,short,8_fiThIZ00Y,Il vostro pezzo preferito?? ✨ avete tempo fino a domenica sera! #flos #interiordesign #homedecor,overlay
NVz6RXVw8q4,connected,long,hEDOOB7Rkpw,10 TRUCCHI GENIALI per una CASA SEMPRE ORDINATA!,overlay
8_fiThIZ00Y,connected,long,hEDOOB7Rkpw,10 TRUCCHI GENIALI per una CASA SEMPRE ORDINATA!,overlay
xgPI-IC1ux0,connected,long,JTT68wfQ1j4,"Una giornata con me SENZA FILTRI: mamma di gemelle, lavoro, allenamento e capricci",overlay
ejtC7q3J210,connected,long,JTT68wfQ1j4,"Una giornata con me SENZA FILTRI: mamma di gemelle, lavoro, allenamento e capricci",overlay
50kpSjgfaOw,connected,long,hEDOOB7Rkpw,10 TRUCCHI GENIALI per una CASA SEMPRE ORDINATA!,overlay
O6Yg7OSGX64,connected,short,gyzi5iLye8M,Viog senza filtri della nostra domenica con le gemelline 👧🏼 #vitadamamma #twinmomlife #adayinmylife,overlay
uQuUeodKuOo,connected,long,JTT68wfQ1j4,"Una giornata con me SENZA FILTRI: mamma di gemelle, lavoro, allenamento e capricci",overlay
ETSm4894fTc,connected,long,hEDOOB7Rkpw,10 TRUCCHI GENIALI per una CASA SEMPRE ORDINATA!,overlay
Njc0vZgBgLA,connected,long,JTT68wfQ1j4,"Una giornata con me SENZA FILTRI: mamma di gemelle, lavoro, allenamento e capricci",overlay
TKBz5r7iKew,connected,long,JTT68wfQ1j4,"Una giornata con me SENZA FILTRI: mamma di gemelle, lavoro, allenamento e capricci",overlay
MtInnXswm6Q,connected,long,JTT68wfQ1j4,"Una giornata con me SENZA FILTRI: mamma di gemelle, lavoro, allenamento e capricci",overlay
atAqd8UvX70,connected,long,JTT68wfQ1j4,"Una giornata con me SENZA FILTRI: mamma di gemelle, lavoro, allenamento e capricci",overlay
KwiT2XFpUoo,connected,long,JTT68wfQ1j4,"Una giornata con me SENZA FILTRI: mamma di gemelle, lavoro, allenamento e capricci",overlay
gyzi5iLye8M,connected,long,JTT68wfQ1j4,"Una giornata con me SENZA FILTRI: mamma di gemelle, lavoro, allenamento e capricci",overlay
JnXDwSUlr38,connected,long,JTT68wfQ1j4,"Una giornata con me SENZA FILTRI: mamma di gemelle, lavoro, allenamento e capricci",overlay
Uc2kxc6nPxs,connected,long,JTT68wfQ1j4,"Una giornata con me SENZA FILTRI: mamma di gemelle, lavoro, allenamento e capricci",overlay
xq_dNSVr8HU,connected,long,JTT68wfQ1j4,"Una giornata con me SENZA FILTRI: mamma di gemelle, lavoro, allenamento e capricci",overlay
why2pyLP4c0,connected,long,hEDOOB7Rkpw,10 TRUCCHI GENIALI per una CASA SEMPRE ORDINATA!,overlay
KIdS3g0bNQ0,connected,long,hEDOOB7Rkpw,10 TRUCCHI GENIALI per una CASA SEMPRE ORDINATA!,overlay
VBrtOYH-kTg,connected,long,hEDOOB7Rkpw,10 TRUCCHI GENIALI per una CASA SEMPRE ORDINATA!,overlay
M9ooCkgvYoQ,connected,long,hEDOOB7Rkpw,10 TRUCCHI GENIALI per una CASA SEMPRE ORDINATA!,overlay
X1VNoIIBCtM,connected,long,hEDOOB7Rkpw,10 TRUCCHI GENIALI per una CASA SEMPRE ORDINATA!,overlay
EzpaVMqLysA,connected,long,hEDOOB7Rkpw,10 TRUCCHI GENIALI per una CASA SEMPRE ORDINATA!,overlay
6l6Nw3zGfx0,connected,long,hEDOOB7Rkpw,10 TRUCCHI GENIALI per una CASA SEMPRE ORDINATA!,overlay
1Wf8pYzSpvA,connected,long,hEDOOB7Rkpw,10 TRUCCHI GENIALI per una CASA SEMPRE ORDINATA!,overlay
lZ8PJZREBwM,connected,long,7LcOWTYZtgo,5 Habits That Will Change Your Life,overlay
3BdXEVUeYYc,connected,long,hEDOOB7Rkpw,10 TRUCCHI GENIALI per una CASA SEMPRE ORDINATA!,overlay
GVDLNmeiOhc,connected,long,hEDOOB7Rkpw,10 TRUCCHI GENIALI per una CASA SEMPRE ORDINATA!,overlay
BLVO59jAcU4,connected,long,7LcOWTYZtgo,5 Habits That Will Change Your Life,overlay
bqMs48QbZ_M,connected,long,hEDOOB7Rkpw,10 TRUCCHI GENIALI per una CASA SEMPRE ORDINATA!,overlay
gDJieOOgF8s,connected,long,hEDOOB7Rkpw,10 TRUCCHI GENIALI per una CASA SEMPRE ORDINATA!,overlay
0Y_0C7bHlao,connected,long,hEDOOB7Rkpw,10 TRUCCHI GENIALI per una CASA SEMPRE ORDINATA!,overlay
da_Lx_hFXE8,connected,long,7LcOWTYZtgo,5 Habits That Will Change Your Life,overlay
SnqSnublDSQ,connected,long,hEDOOB7Rkpw,10 TRUCCHI GENIALI per una CASA SEMPRE ORDINATA!,overlay
OMO7uF9JNsU,connected,long,hEDOOB7Rkpw,10 TRUCCHI GENIALI per una CASA SEMPRE ORDINATA!,overlay
mstGmrQI7wc,connected,long,hEDOOB7Rkpw,10 TRUCCHI GENIALI per una CASA SEMPRE ORDINATA!,overlay
mIeE73X6720,connected,long,8u-QRih9C1c,HO COMPRATO UNA CASA DA SOGNO CON PISCINA!,overlay
7_u4uYg-bwQ,connected,long,hEDOOB7Rkpw,10 TRUCCHI GENIALI per una CASA SEMPRE ORDINATA!,overlay
2wLIIPQb-bU,connected,long,RpuhrTnBhmY,HO SCRITTO UN LIBRO! ✨ IL SEGRETO DEL RIORDINO PER NEOGENITORI,overlay
OS47zwv007U,connected,long,hEDOOB7Rkpw,10 TRUCCHI GENIALI per una CASA SEMPRE ORDINATA!,overlay
ytBLAacZ-2g,connected,long,7LcOWTYZtgo,5 Habits That Will Change Your Life,overlay
qDlAQFliPdA,connected,long,hEDOOB7Rkpw,10 TRUCCHI GENIALI per una CASA SEMPRE ORDINATA!,overlay
g-KMdArQ_so,connected,long,7LcOWTYZtgo,5 Habits That Will Change Your Life,overlay
phUompOHJrY,connected,long,7LcOWTYZtgo,5 Habits That Will Change Your Life,overlay
uYmmMwi4EnY,connected,long,hEDOOB7Rkpw,10 TRUCCHI GENIALI per una CASA SEMPRE ORDINATA!,overlay
ee2O4lcYev4,connected,long,hEDOOB7Rkpw,10 TRUCCHI GENIALI per una CASA SEMPRE ORDINATA!,overlay
tiSGRrd6Igs,connected,long,hEDOOB7Rkpw,10 TRUCCHI GENIALI per una CASA SEMPRE ORDINATA!,overlay
Vaecxh7GfC0,connected,long,7LcOWTYZtgo,5 Habits That Will Change Your Life,overlay
HvNAwcLhLl4,connected,long,hEDOOB7Rkpw,10 TRUCCHI GENIALI per una CASA SEMPRE ORDINATA!,overlay
WIHbYJu6nuw,connected,long,hEDOOB7Rkpw,10 TRUCCHI GENIALI per una CASA SEMPRE ORDINATA!,overlay
v04JLE4O2Eo,connected,long,hEDOOB7Rkpw,10 TRUCCHI GENIALI per una CASA SEMPRE ORDINATA!,overlay
ujtM7ABjEq0,connected,long,hEDOOB7Rkpw,10 TRUCCHI GENIALI per una CASA SEMPRE ORDINATA!,overlay
Lb9pmc84en8,connected,long,hEDOOB7Rkpw,10 TRUCCHI GENIALI per una CASA SEMPRE ORDINATA!,overlay
F5Zz-EkkNZo,connected,long,7LcOWTYZtgo,5 Habits That Will Change Your Life,overlay
8PPShTjexGY,connected,long,hEDOOB7Rkpw,10 TRUCCHI GENIALI per una CASA SEMPRE ORDINATA!,overlay
JsMPF0Wnt80,connected,long,7LcOWTYZtgo,5 Habits That Will Change Your Life,overlay
8AuZtzNJA64,connected,long,hEDOOB7Rkpw,10 TRUCCHI GENIALI per una CASA SEMPRE ORDINATA!,overlay
RuLU1W37OQo,connected,long,VOaQ3Mgvle0,Arredare casa con pochi soldi | 5 trucchi per farlo!,overlay
Cx1n7Ybqqu4,connected,long,7LcOWTYZtgo,5 Habits That Will Change Your Life,overlay
LhhaYnM6nzU,connected,long,hEDOOB7Rkpw,10 TRUCCHI GENIALI per una CASA SEMPRE ORDINATA!,overlay
UXVwo7Nr0B4,connected,long,hEDOOB7Rkpw,10 TRUCCHI GENIALI per una CASA SEMPRE ORDINATA!,overlay
d5BvHg-_MNg,connected,long,7LcOWTYZtgo,5 Habits That Will Change Your Life,overlay
8nWnxh8scZk,connected,long,hEDOOB7Rkpw,10 TRUCCHI GENIALI per una CASA SEMPRE ORDINATA!,overlay
38zJHmz-o1E,connected,long,hEDOOB7Rkpw,10 TRUCCHI GENIALI per una CASA SEMPRE ORDINATA!,overlay
N_dwHQrAzXI,connected,long,7LcOWTYZtgo,5 Habits That Will Change Your Life,overlay
KehHyetQtCk,connected,long,5Mk03JTOUdg,5 foolproof tricks for organizing your home with kids (quick and easy!),overlay
ipAjVowACBQ,connected,long,hEDOOB7Rkpw,10 TRUCCHI GENIALI per una CASA SEMPRE ORDINATA!,overlay
25knlng5Z-o,connected,long,5Mk03JTOUdg,5 foolproof tricks for organizing your home with kids (quick and easy!),overlay
SSkpfRQtU9I,connected,long,hEDOOB7Rkpw,10 TRUCCHI GENIALI per una CASA SEMPRE ORDINATA!,overlay
68v8qkzIT5E,connected,long,hEDOOB7Rkpw,10 TRUCCHI GENIALI per una CASA SEMPRE ORDINATA!,overlay
CInRae1uGGA,connected,long,hEDOOB7Rkpw,10 TRUCCHI GENIALI per una CASA SEMPRE ORDINATA!,overlay
CuOGSN1M3F0,connected,long,7LcOWTYZtgo,5 Habits That Will Change Your Life,overlay
WM0ORH9c5oc,connected,long,hEDOOB7Rkpw,10 TRUCCHI GENIALI per una CASA SEMPRE ORDINATA!,overlay
qBVvW1SqE38,connected,long,VOaQ3Mgvle0,Arredare casa con pochi soldi | 5 trucchi per farlo!,overlay
OmpzpB5itn0,connected,long,7LcOWTYZtgo,5 Habits That Will Change Your Life,overlay
IyhEZJ3TrNA,connected,long,7LcOWTYZtgo,5 Habits That Will Change Your Life,overlay
taTM7QdF7aY,connected,long,7LcOWTYZtgo,5 Habits That Will Change Your Life,overlay
UmLOdsEWyaE,connected,long,hEDOOB7Rkpw,10 TRUCCHI GENIALI per una CASA SEMPRE ORDINATA!,overlay
PIPSKj7m0tk,connected,long,7LcOWTYZtgo,5 Habits That Will Change Your Life,overlay
tz4pd0OusBs,connected,long,hEDOOB7Rkpw,10 TRUCCHI GENIALI per una CASA SEMPRE ORDINATA!,overlay
YcDeY7n52D8,connected,long,hEDOOB7Rkpw,10 TRUCCHI GENIALI per una CASA SEMPRE ORDINATA!,overlay
dhLlxi-7TeQ,connected,long,hEDOOB7Rkpw,10 TRUCCHI GENIALI per una CASA SEMPRE ORDINATA!,overlay
ffrtmNHSe7M,connected,long,5Mk03JTOUdg,5 foolproof tricks for organizing your home with kids (quick and easy!),overlay
YItkHL6xItQ,connected,long,5Mk03JTOUdg,5 foolproof tricks for organizing your home with kids (quick and easy!),overlay
MjUfO_Z49bY,connected,long,7LcOWTYZtgo,5 Habits That Will Change Your Life,overlay
Lgw0pym4JJc,connected,long,hEDOOB7Rkpw,10 TRUCCHI GENIALI per una CASA SEMPRE ORDINATA!,overlay
NetGBPedn-o,connected,long,7LcOWTYZtgo,5 Habits That Will Change Your Life,overlay
srWm38q7C94,connected,long,7LcOWTYZtgo,5 Habits That Will Change Your Life,overlay
9cxp3PMSiyE,connected,long,7LcOWTYZtgo,5 Habits That Will Change Your Life,overlay
4bPvi8il9h8,connected,long,VOaQ3Mgvle0,Arredare casa con pochi soldi | 5 trucchi per farlo!,overlay
RODr7JonmaI,connected,long,7LcOWTYZtgo,5 Habits That Will Change Your Life,overlay
sqFBYILjR_c,connected,long,8u-QRih9C1c,HO COMPRATO UNA CASA DA SOGNO CON PISCINA!,overlay
WhPiZVfpmM8,connected,long,7LcOWTYZtgo,5 Habits That Will Change Your Life,overlay
XWQTjIewEK8,connected,long,hEDOOB7Rkpw,10 TRUCCHI GENIALI per una CASA SEMPRE ORDINATA!,overlay
6PdOAdV9ARg,connected,long,7LcOWTYZtgo,5 Habits That Will Change Your Life,overlay
okArfisIJfw,connected,long,5Mk03JTOUdg,5 foolproof tricks for organizing your home with kids (quick and easy!),overlay
E-47wZJKshI,connected,long,hEDOOB7Rkpw,10 TRUCCHI GENIALI per una CASA SEMPRE ORDINATA!,overlay
No5eHsrNshs,connected,long,7LcOWTYZtgo,5 Habits That Will Change Your Life,overlay
ih6nD3ekSBE,connected,long,hEDOOB7Rkpw,10 TRUCCHI GENIALI per una CASA SEMPRE ORDINATA!,overlay
I5QpPsmOTUc,connected,long,hEDOOB7Rkpw,10 TRUCCHI GENIALI per una CASA SEMPRE ORDINATA!,overlay
1gBf9AHc5Qg,connected,long,7LcOWTYZtgo,5 Habits That Will Change Your Life,overlay
rvarW5A1Qzg,connected,long,hEDOOB7Rkpw,10 TRUCCHI GENIALI per una CASA SEMPRE ORDINATA!,overlay
iFcKm2MGR-8,connected,long,7LcOWTYZtgo,5 Habits That Will Change Your Life,overlay
EUHr28HvzmM,connected,long,XaJtl-uCeXY,DUE GEMELLE IN ARRIVO! DALLA SCOPERTA AL LAVORO DA INFLUENCER... LA MIA VITA IN UN ANNO!,overlay
xe6x7ALJdi0,connected,long,hEDOOB7Rkpw,10 TRUCCHI GENIALI per una CASA SEMPRE ORDINATA!,overlay
7iuIX2Ey_DE,connected,long,RpuhrTnBhmY,HO SCRITTO UN LIBRO! ✨ IL SEGRETO DEL RIORDINO PER NEOGENITORI,overlay
HWSgtUiA-no,connected,long,hEDOOB7Rkpw,10 TRUCCHI GENIALI per una CASA SEMPRE ORDINATA!,overlay
5BqaDvztWUI,connected,long,hEDOOB7Rkpw,10 TRUCCHI GENIALI per una CASA SEMPRE ORDINATA!,overlay
U2o_rq-Q0NM,connected,long,8u-QRih9C1c,HO COMPRATO UNA CASA DA SOGNO CON PISCINA!,overlay
LsQlRQ8jkZM,connected,long,hEDOOB7Rkpw,10 TRUCCHI GENIALI per una CASA SEMPRE ORDINATA!,overlay
OfxLykhh5eg,connected,long,8u-QRih9C1c,HO COMPRATO UNA CASA DA SOGNO CON PISCINA!,overlay
Uv60Uk4ySqM,connected,long,XaJtl-uCeXY,DUE GEMELLE IN ARRIVO! DALLA SCOPERTA AL LAVORO DA INFLUENCER... LA MIA VITA IN UN ANNO!,overlay
mXbyakhuGFE,connected,long,XaJtl-uCeXY,DUE GEMELLE IN ARRIVO! DALLA SCOPERTA AL LAVORO DA INFLUENCER... LA MIA VITA IN UN ANNO!,overlay
ik_VAXcBEzY,connected,long,U_no7njh9-A,5 METODI per una CUCINA SEMPRE PROFUMATA!,overlay
L2CjgyOFm7U,connected,long,8LRbL20xAiI,HOME TOUR | PRIMA DI DIRE ADDIO A QUESTA CASA!,overlay
wqvAXEGTIw8,connected,long,8LRbL20xAiI,HOME TOUR | PRIMA DI DIRE ADDIO A QUESTA CASA!,overlay
0mK24by6W-U,connected,long,hEDOOB7Rkpw,10 TRUCCHI GENIALI per una CASA SEMPRE ORDINATA!,overlay
XgMe06YjPs4,connected,long,Ec4qPlfE7o0,7 oggetti AMAZON incredibili che CAMBIANO LA VITA!,overlay
_D4T_QJYlMM,connected,long,hEDOOB7Rkpw,10 TRUCCHI GENIALI per una CASA SEMPRE ORDINATA!,overlay
gSsM72boigs,connected,long,Ec4qPlfE7o0,7 oggetti AMAZON incredibili che CAMBIANO LA VITA!,overlay
fFlrJZ2CXuM,connected,long,hEDOOB7Rkpw,10 TRUCCHI GENIALI per una CASA SEMPRE ORDINATA!,overlay
QOZ1ssacrHA,connected,long,hEDOOB7Rkpw,10 TRUCCHI GENIALI per una CASA SEMPRE ORDINATA!,overlay
m-rI-5vdHP4,connected,long,kQ_T0HX5tK0,MAKEOVER STUDIO: DA INCUBO A SOGNO CON LA CARTA DA PARATI!,overlay
1IK5u0YtH_Y,connected,long,hEDOOB7Rkpw,10 TRUCCHI GENIALI per una CASA SEMPRE ORDINATA!,overlay
NsPCioaAVqE,connected,long,8LRbL20xAiI,HOME TOUR | PRIMA DI DIRE ADDIO A QUESTA CASA!,overlay
xc2heHjT2Wg,connected,long,hEDOOB7Rkpw,10 TRUCCHI GENIALI per una CASA SEMPRE ORDINATA!,overlay
ujz-4MMLoNg,connected,long,hEDOOB7Rkpw,10 TRUCCHI GENIALI per una CASA SEMPRE ORDINATA!,overlay
4QwsBs1Pvzs,connected,long,XaJtl-uCeXY,DUE GEMELLE IN ARRIVO! DALLA SCOPERTA AL LAVORO DA INFLUENCER... LA MIA VITA IN UN ANNO!,overlay
z57BU4U69yk,connected,long,Ec4qPlfE7o0,7 oggetti AMAZON incredibili che CAMBIANO LA VITA!,overlay
ioR8ANu9tYI,connected,long,8u-QRih9C1c,HO COMPRATO UNA CASA DA SOGNO CON PISCINA!,overlay
TvNdKtm3wz0,connected,long,Ec4qPlfE7o0,7 oggetti AMAZON incredibili che CAMBIANO LA VITA!,overlay
vbv64iorJIk,connected,long,hEDOOB7Rkpw,10 TRUCCHI GENIALI per una CASA SEMPRE ORDINATA!,overlay
Y4m0it29u40,connected,long,8u-QRih9C1c,HO COMPRATO UNA CASA DA SOGNO CON PISCINA!,overlay
rVTZX2eXQ9Y,connected,long,hEDOOB7Rkpw,10 TRUCCHI GENIALI per una CASA SEMPRE ORDINATA!,overlay
PG0gbNQrewM,connected,long,8u-QRih9C1c,HO COMPRATO UNA CASA DA SOGNO CON PISCINA!,overlay
zwn3Y1ba2cc,connected,long,8u-QRih9C1c,HO COMPRATO UNA CASA DA SOGNO CON PISCINA!,overlay
JR-GXeW3ajk,connected,long,hEDOOB7Rkpw,10 TRUCCHI GENIALI per una CASA SEMPRE ORDINATA!,overlay
bTIdCKQ5e7g,connected,long,hEDOOB7Rkpw,10 TRUCCHI GENIALI per una CASA SEMPRE ORDINATA!,overlay
VfnTl4Ng53U,connected,long,hEDOOB7Rkpw,10 TRUCCHI GENIALI per una CASA SEMPRE ORDINATA!,overlay
JEre_dHqHDE,connected,long,hEDOOB7Rkpw,10 TRUCCHI GENIALI per una CASA SEMPRE ORDINATA!,overlay
VMv4tc9MiEo,connected,long,hEDOOB7Rkpw,10 TRUCCHI GENIALI per una CASA SEMPRE ORDINATA!,overlay
HDAVfJDAj14,connected,long,Ec4qPlfE7o0,7 oggetti AMAZON incredibili che CAMBIANO LA VITA!,overlay
Lvll9s7tWzg,connected,long,hEDOOB7Rkpw,10 TRUCCHI GENIALI per una CASA SEMPRE ORDINATA!,overlay
azNcGdK622o,connected,long,8u-QRih9C1c,HO COMPRATO UNA CASA DA SOGNO CON PISCINA!,overlay
JodwfGAHX8A,connected,long,XaJtl-uCeXY,DUE GEMELLE IN ARRIVO! DALLA SCOPERTA AL LAVORO DA INFLUENCER... LA MIA VITA IN UN ANNO!,overlay
yw2PcHYUJX4,connected,long,8u-QRih9C1c,HO COMPRATO UNA CASA DA SOGNO CON PISCINA!,overlay
J9RGdO5W9wM,connected,long,Ec4qPlfE7o0,7 oggetti AMAZON incredibili che CAMBIANO LA VITA!,overlay
Z9j1m9r1sA4,connected,long,8u-QRih9C1c,HO COMPRATO UNA CASA DA SOGNO CON PISCINA!,overlay
et2lXvwplUc,connected,long,8LRbL20xAiI,HOME TOUR | PRIMA DI DIRE ADDIO A QUESTA CASA!,overlay
IMecnPeerKY,connected,long,hEDOOB7Rkpw,10 TRUCCHI GENIALI per una CASA SEMPRE ORDINATA!,overlay
kQ4Sk7mLiIk,connected,long,hKdf56FY3Tk,"COME PULIRE LA LAVATRICE *eliminare sporco nascosto, cattivi odori e muffa!*",overlay
VaT9igM2Ya0,connected,long,8u-QRih9C1c,HO COMPRATO UNA CASA DA SOGNO CON PISCINA!,overlay
E014rjMCP8c,connected,long,8u-QRih9C1c,HO COMPRATO UNA CASA DA SOGNO CON PISCINA!,overlay
DRi2KL-izGo,connected,long,hKdf56FY3Tk,"COME PULIRE LA LAVATRICE *eliminare sporco nascosto, cattivi odori e muffa!*",overlay
Zp3lzBS_kAg,connected,long,XaJtl-uCeXY,DUE GEMELLE IN ARRIVO! DALLA SCOPERTA AL LAVORO DA INFLUENCER... LA MIA VITA IN UN ANNO!,overlay
l7vuPQkYvZo,connected,long,hEDOOB7Rkpw,10 TRUCCHI GENIALI per una CASA SEMPRE ORDINATA!,overlay
AYNvIqRhk7o,connected,long,XaJtl-uCeXY,DUE GEMELLE IN ARRIVO! DALLA SCOPERTA AL LAVORO DA INFLUENCER... LA MIA VITA IN UN ANNO!,overlay
TnJvQeACn6M,connected,long,8u-QRih9C1c,HO COMPRATO UNA CASA DA SOGNO CON PISCINA!,overlay
8r37IFA73Xk,connected,long,XaJtl-uCeXY,DUE GEMELLE IN ARRIVO! DALLA SCOPERTA AL LAVORO DA INFLUENCER... LA MIA VITA IN UN ANNO!,overlay
rzTBmvjpIsY,connected,long,hEDOOB7Rkpw,10 TRUCCHI GENIALI per una CASA SEMPRE ORDINATA!,overlay
G2p6J7evRsk,connected,long,hEDOOB7Rkpw,10 TRUCCHI GENIALI per una CASA SEMPRE ORDINATA!,overlay
nppIszz4qq4,connected,long,hEDOOB7Rkpw,10 TRUCCHI GENIALI per una CASA SEMPRE ORDINATA!,overlay
cbSD4IgiZh8,connected,long,hEDOOB7Rkpw,10 TRUCCHI GENIALI per una CASA SEMPRE ORDINATA!,overlay
Nd8ZoajkIoQ,connected,long,hEDOOB7Rkpw,10 TRUCCHI GENIALI per una CASA SEMPRE ORDINATA!,overlay
dRxVSFoELTs,connected,long,hEDOOB7Rkpw,10 TRUCCHI GENIALI per una CASA SEMPRE ORDINATA!,overlay
g-l9vdBPhX0,connected,long,hEDOOB7Rkpw,10 TRUCCHI GENIALI per una CASA SEMPRE ORDINATA!,overlay
YqvUJ1m2jko,connected,short,bNBxBfG2f8g,Verifichiamo se riesco a ritrovare il mio telefonino 🤙🏻 #bellagianda #iphone,overlay
gASpcV5Jagg,connected,short,GKfkZVDcxQo,Pesa di più l’Happy Meal del McDonald’s o del Burger King? (ri)verifichiamo 5anni dopo #bellagianda,overlay
GKfkZVDcxQo,connected,short,7H59peTvQ0E,Ti danno più patatine al McDonald’s o al Burger King? (ri)verifichiamo dopo 5 anni 🍟 #bellagianda,overlay
6va8DhK2iLM,connected,short,6XM0UMkpBvA,Su Brawl Stars quante coppe riesci a fare in 24 ore? Verifichiamo🤙🏻🏆#bellagianda #brawlstars,overlay
dp8-RU4J7es,connected,short,_3qpwuOR_Jc,Mi hanno battuto il record delle 100 ore senza dormire. Ci riprovo? Verifichiamo 🤙🏻 #bellagianda,overlay
D_CgqLf2Ab8,connected,short,GWdqVU7M1ic,Lancia il pallone di Bella Gianda a Morata a S.Siro durante una partita del @ACMilan #bellagianda,overlay
GWdqVU7M1ic,connected,short,p9mnGQYvic4,Hai il coraggio di buttare il pallone di Bella Gianda in un match del Milan? (PARTE 2) #bellagianda,overlay
osc0LoU4XBE,connected,short,zTaiuoRQsRg,Quante coppe hanno @ipantellas su Brawl Stars?Verifichiamo🏆 #bellagianda #ipantellas #brawlstars,overlay
zTaiuoRQsRg,connected,short,6XM0UMkpBvA,Su Brawl Stars quante coppe riesci a fare in 24 ore? Verifichiamo🤙🏻🏆#bellagianda #brawlstars,overlay
XPYQ48S6fEY,connected,short,EKeeXbvTptM,Riempi per la terza volta una piscina ancora più grande. Verifichiamo 🤙🏻 #bellagianda,overlay
NCX2Foqg2Mo,connected,short,3J3VpNSTJks,Riuscirò ad entrare a S.Siro durante Inter-Empoli vestito da coniglio rosa?Verifichiamo #bellagianda,overlay
8t2YBnEVT9s,connected,short,GLjOlzDcRJc,Vivo per questi momenti ❤️🤙🏻 vi voglio bene #bellagianda,overlay
cV-VbrNuI2A,connected,short,5Ue1pHfib2E,Riesci ad essere più veloce Leao? 🤙🏻 Verifichiamo @Rafaelleaoofficial @ACMilan #bellagianda,overlay
8gmZrm1NOtI,connected,short,JrWix0yfocQ,Riesco a far fare il gesto Bella Gianda 🤙🏻a un giocatore di @seriea ? #bellagianda,overlay
4OV-l4eQjn0,connected,short,RYPZsdn74Jg,Verifichiamo se riesco a far volare in campo a San Siro un uccello meccanico 🤙🏻🦅 #bellagianda,overlay
232Y_APY0LA,connected,short,r9fjJUaIJEU,Verifica se in Milan-Monza i bambini fanno il record di gesti Bella Gianda in campo🤙🏻 #bellagianda,overlay
wLwbd-CC_PY,connected,short,r9fjJUaIJEU,Verifica se in Milan-Monza i bambini fanno il record di gesti Bella Gianda in campo🤙🏻 #bellagianda,overlay
r9fjJUaIJEU,connected,short,7ghmU1TcbV8,Verifica se in Cagliari-Sassuolo c’è un bambino che fa il gesto di Bella Gianda 🤙🏻#bellagianda,overlay
_KVHX5pMw14,connected,short,Akw99mL3vzo,Verifica se in Genoa-Juventus ci sarà un bambino che farà il gesto di Bella Gianda 🤙🏻 #bellagianda,overlay
lhUvhM3lgKk,connected,short,XweHXJUhUzc,Che regali ci sono nelle caselle del calendario dell’avvento di Nutella Verifichiamo #bellagianda,overlay
_0Gb3syG67s,connected,long,W2-0yRlkVoQ,Halloween before Xmas💀BEST OF🎃,overlay
66wwv7IzQzk,connected,long,W2-0yRlkVoQ,Halloween before Xmas💀BEST OF🎃,overlay
ZldcUvLpg_U,connected,long,GkTQBlTzuYo,RISPONDO a TUTTI questi KINGS (pori cuccioli).🔴 + Recensione “Supersex”,overlay
7EFJ87QRMWM,connected,long,3bcphbTks_4,4 years later. (ve l’avevo detto),overlay
SnwYfVOzLJo,connected,long,mKDNrF1j6JU,Monografia su Marcello MASTROIANNI con Federico FRUSCIANTE,overlay
1QBJPLrOoCo,connected,long,Fnsx47IbmP8,Nuovo Testimone su MARIO ADINOLFI: “ci promise il 200% in caso di vittoria”💰,overlay
ddGKBysIllc,connected,long,E-7LYWnjCOM,RISPONDO PUNTO per PUNTO alle BALLE di Tweener. Questo gioco MALSANO di Menzogne è scorretto.,overlay
T4BkAkx9uV8,connected,long,Cy9JYXgxzzs,MARRA in un film a VENEZIA 76.,overlay
QNsQzI0jou0,connected,long,v8qhn3SbOUc,Ho Visto “I FANTASTICI 4 - Gli Inizi”…,overlay
CZaEscnQT8s,connected,long,O3iuIq7QwlY,"Ho Visto ""SUPERMAN"" di James Gunn...",overlay
JNcRSu1zVSc,connected,long,JkIZ7CWs3eU,Lezione su Comunicazione e Podcast all’Università “Sapienza” di Roma,overlay
NasxzcRTuI0,connected,long,_zF1APJDHiw,"Abbiamo Visto ""POVERE CREATURE!""...",overlay
q8Qu6ZEPJxI,connected,long,JCk4FLHepO0,Ho Visto “ANORA”…,overlay
Zjd_EUZTXIw,connected,long,JkIZ7CWs3eU,Lezione su Comunicazione e Podcast all’Università “Sapienza” di Roma,overlay
Nwudm5MlwWk,connected,long,sJhdtWcety0,Tutte le BALLE di Francesca Totolo in LIVE da Ivan Grieco *confronto in diretta*,overlay
d86IjJEVKZU,connected,long,F9xaZ5TtULE,CULT: “IL CORVO” (1994) con Dario Moccia e Federico Frusciante,overlay
u_iSA8SvQ8Q,connected,long,mKDNrF1j6JU,Monografia su Marcello MASTROIANNI con Federico FRUSCIANTE,overlay
6u1GQb1fHsM,connected,long,RiCZNGcRUE0,Ho Visto “BEETLEJUICE 2”…,overlay
_yDMGveVUqc,connected,long,4Pe1qq6Yo_8,Ho Visto “MaXXXine”… | recensione No Spoiler,overlay
fDBKMxk4bYs,connected,long,xMCN16uODkA,Si Sono Menati in Sala mentre stavo guardando un Film…,overlay
fvIpugr438w,connected,long,xMCN16uODkA,Si Sono Menati in Sala mentre stavo guardando un Film…,overlay
Rj6lXz1TZ6E,connected,long,2eywFhbkUjw,Ho Visto “THE BOYS 4”…,overlay
IGx9G-adS8U,connected,long,9diJDeAALWc,Che DELUSIONE la 2’ Stagione di “THE BOYS”. Come DISTRUGGERE un bel prodotto.,overlay
8b4y-ZzUMTs,connected,long,9diJDeAALWc,Che DELUSIONE la 2’ Stagione di “THE BOYS”. Come DISTRUGGERE un bel prodotto.,overlay
GS8hVaLaB84,connected,long,mk7MuNCXdyU,"Ho Visto ""FURIOSA - a Mad Max Saga""…",overlay
M62BVHm2Mls,connected,long,XH8cG5pM3ic,Ho visto “CHALLENGERS” di Luca Guadagnino… | recensione No Spoiler,overlay
tA2dkQFXJ_8,connected,long,1KyFIWnPi6o,Ho visto “CIVIL WAR”… | recensione No Spoiler,overlay
HAYzR7yL4dE,connected,long,-V9zQoqxONg,Ho Visto “FABBRICANTE di LACRIME”: così ORRIDO da divenire UN CAPOLAVORO. Grazie.,overlay
qLm3ku40qv4,connected,long,-V9zQoqxONg,Ho Visto “FABBRICANTE di LACRIME”: così ORRIDO da divenire UN CAPOLAVORO. Grazie.,overlay
rdyXBbqRePc,connected,long,-V9zQoqxONg,Ho Visto “FABBRICANTE di LACRIME”: così ORRIDO da divenire UN CAPOLAVORO. Grazie.,overlay
pXDmsuXifSc,connected,long,GkTQBlTzuYo,RISPONDO a TUTTI questi KINGS (pori cuccioli).🔴 + Recensione “Supersex”,overlay
4YilJZamXQg,connected,long,GkTQBlTzuYo,RISPONDO a TUTTI questi KINGS (pori cuccioli).🔴 + Recensione “Supersex”,overlay
QzkUsApxQn8,connected,long,GkTQBlTzuYo,RISPONDO a TUTTI questi KINGS (pori cuccioli).🔴 + Recensione “Supersex”,overlay
B4Nn4cwj8rw,connected,long,LXaQfpJMgYQ,"Confronto con MASTER WALLACE: DOPING, DIPENDENZE, Vita e Cinema.",overlay
X6k5OZncH6k,connected,long,CFlsuJtw6cE,"L’Horror PIÙ BELLO del CINEMA ITALIANO? | con Dario Moccia, Frusciante e Victorlaszlo88 - parte 1",overlay
kSTHUWtPD2Y,connected,long,mKDNrF1j6JU,Monografia su Marcello MASTROIANNI con Federico FRUSCIANTE,overlay
kSlRso_p2o8,connected,long,SRz4UYzZA5I,Polemica al Festival di Venezia sui PELI di GIORGIA SOLERI...,overlay
WQ-YBbnOY7E,connected,long,emOVPiXvSn4,"Discussione con FRUSCIANTE su PROBLEMI GIOVANILI, Politica e CINEMA.",overlay
wwsLh2CPHQw,connected,long,vfsFcdhubLs,Ho Visto “OPPENHEIMER” di Nolan…,overlay
_YeJUOb5yr8,connected,long,vfsFcdhubLs,Ho Visto “OPPENHEIMER” di Nolan…,overlay
Uv8PY8BkuOA,connected,long,7zd6nY_lMw8,Vi Rivelo alcuni SEGRETI delle INTERVISTE + errori di edizione + Xavier Dolan lascia il Cinema,overlay
MbMNAdfh8eU,connected,long,emOVPiXvSn4,"Discussione con FRUSCIANTE su PROBLEMI GIOVANILI, Politica e CINEMA.",overlay
9CVl6T2d4p8,connected,long,emOVPiXvSn4,"Discussione con FRUSCIANTE su PROBLEMI GIOVANILI, Politica e CINEMA.",overlay
